Site,Sex,Race,Age,Population,Diagnosis.Count,Diagnosis.Rate,Diagnosis.Lower,Diagnosis.Upper,Death.Count,Death.Rate,Death.Lower,Death.Upper
"Anus, Anal Canal and Anorectum",Male,All,50-54,7410465,163,2.2000000000000003e-5,1.8999999999999998e-5,2.6000000000000002e-5,84,1.1335321062848283e-5,0,0
"Anus, Anal Canal and Anorectum",Male,All,60-64,4183965,139,3.2999999999999996e-5,2.8e-5,3.9e-5,88,2.1032680722711592e-5,0,0
"Anus, Anal Canal and Anorectum",Male,All,70-74,2964507,134,4.5e-5,3.7999999999999995e-5,5.4000000000000005e-5,107,3.6093691126382905e-5,0,0
"Anus, Anal Canal and Anorectum",Male,Black,50-54,740813,17,2.2999999999999997e-5,1.3000000000000001e-5,3.7000000000000005e-5,10,1.3498683203453502e-5,0,0
"Anus, Anal Canal and Anorectum",Male,Black,60-64,390440,9,2.2999999999999997e-5,1.1000000000000001e-5,4.4000000000000006e-5,5,1.2806064952361439e-5,0,0
"Anus, Anal Canal and Anorectum",Male,Black,70-74,228946,11,4.8e-5,2.4e-5,8.599999999999999e-5,11,4.804626418456754e-5,0,0
"Anus, Anal Canal and Anorectum",Female,All,50-54,7743791,252,3.2999999999999996e-5,2.9e-5,3.7000000000000005e-5,96,1.2397028793778138e-5,0,0
"Anus, Anal Canal and Anorectum",Female,All,60-64,4593481,180,3.9e-5,3.4e-5,4.5e-5,93,2.0246083525761834e-5,0,0
"Anus, Anal Canal and Anorectum",Female,All,70-74,3750637,208,5.5e-5,4.8e-5,6.4e-5,143,3.8126856851249534e-5,0,0
"Anus, Anal Canal and Anorectum",Female,Black,50-54,862821,33,3.7999999999999995e-5,2.6000000000000002e-5,5.4000000000000005e-5,16,1.8543823110471348e-5,0,0
"Anus, Anal Canal and Anorectum",Female,Black,60-64,482882,13,2.7000000000000002e-5,1.4e-5,4.599999999999999e-5,7,1.4496295161136675e-5,0,0
"Anus, Anal Canal and Anorectum",Female,Black,70-74,332818,11,3.2999999999999996e-5,1.6e-5,5.9000000000000004e-5,10,3.0046451814505226e-5,0,0
Bones and Joints,Male,All,50-54,7410465,51,7e-6,5e-6,9e-6,28,3.778440354282761e-6,0,0
Bones and Joints,Male,All,60-64,4183965,59,1.4e-5,1.1000000000000001e-5,1.8e-5,34,8.126263006502205e-6,0,0
Bones and Joints,Male,All,70-74,2964507,69,2.2999999999999997e-5,1.8e-5,2.9e-5,48,1.6191562374452143e-5,0,0
Bones and Joints,Male,Black,50-54,740813,8,1.1000000000000001e-5,5e-6,2.1000000000000002e-5,4,5.399473281381401e-6,0,0
Bones and Joints,Male,Black,60-64,390440,7,1.8e-5,7e-6,3.7000000000000005e-5,3,7.683638971416863e-6,0,0
Bones and Joints,Male,Black,70-74,228946,6,2.6000000000000002e-5,1e-5,5.7e-5,4,1.7471368794388195e-5,0,0
Bones and Joints,Female,All,50-54,7743791,61,8e-6,6e-6,1e-5,27,3.486664348250101e-6,0,0
Bones and Joints,Female,All,60-64,4593481,36,8e-6,5e-6,1.1000000000000001e-5,19,4.136296634295429e-6,0,0
Bones and Joints,Female,All,70-74,3750637,41,1.1000000000000001e-5,8e-6,1.5e-5,34,9.065126803793596e-6,0,0
Bones and Joints,Female,Black,50-54,862821,2,2e-6,0,8e-6,1,1.1589889444044592e-6,0,0
Bones and Joints,Female,Black,60-64,482882,3,6e-6,1e-6,1.8e-5,2,4.141798617467622e-6,0,0
Bones and Joints,Female,Black,70-74,332818,2,6e-6,1e-6,2.2000000000000003e-5,1,3.0046451814505223e-6,0,0
Brain and Other Nervous System,Male,All,50-54,7410465,680,9.199999999999999e-5,8.5e-5,9.900000000000001e-5,563,7.597363998075695e-5,9.078287691798018e-5,9.078287691798018e-5
Brain and Other Nervous System,Male,All,60-64,4183965,674,1.61e-4,1.4900000000000002e-4,1.7399999999999997e-4,596,1.4244861034927396e-4,1.6079086034419504e-4,1.6079086034419504e-4
Brain and Other Nervous System,Male,All,70-74,2964507,755,2.55e-4,2.37e-4,2.74e-4,684,2.3072976383594303e-4,2.2693261712655765e-4,2.2693261712655765e-4
Brain and Other Nervous System,Male,Black,50-54,740813,43,5.8e-5,4.2000000000000004e-5,7.8e-5,32,4.3195786251051207e-5,0,1.011175613818872e-4
Brain and Other Nervous System,Male,Black,60-64,390440,39,1e-4,7.099999999999999e-5,1.37e-4,32,8.195881569511321e-5,0,1.9185842639073865e-4
Brain and Other Nervous System,Male,Black,70-74,228946,39,1.7e-4,1.21e-4,2.33e-4,28,1.2229958156071736e-4,0,3.2719158229451486e-4
Brain and Other Nervous System,Female,All,50-54,7743791,519,6.7e-5,6.1e-5,7.3e-5,396,5.113774377433482e-5,8.904211528952679e-5,8.904211528952679e-5
Brain and Other Nervous System,Female,All,60-64,4593481,490,1.07e-4,9.7e-5,1.17e-4,422,9.186932524593005e-5,1.5010915055488417e-4,1.5010915055488417e-4
Brain and Other Nervous System,Female,All,70-74,3750637,604,1.61e-4,1.4800000000000002e-4,1.7399999999999997e-4,554,1.4770824262651917e-4,1.838417130210148e-4,1.838417130210148e-4
Brain and Other Nervous System,Female,Black,50-54,862821,42,4.9000000000000005e-5,3.5e-5,6.599999999999999e-5,28,3.245169044332486e-5,0,9.379752579040149e-5
Brain and Other Nervous System,Female,Black,60-64,482882,30,6.2e-5,4.2000000000000004e-5,8.900000000000001e-5,20,4.1417986174676216e-5,0,0
Brain and Other Nervous System,Female,Black,70-74,332818,25,7.5e-5,4.9000000000000005e-5,1.11e-4,17,5.1078968084658886e-5,0,0
Breast,Male,All,50-54,7410465,91,1.2e-5,1e-5,1.5e-5,34,4.58810614448621e-6,0,0
Breast,Male,All,60-64,4183965,123,2.9e-5,2.4e-5,3.5e-5,62,1.4818479600092256e-5,0,0
Breast,Male,All,70-74,2964507,161,5.4000000000000005e-5,4.599999999999999e-5,6.3e-5,108,3.643101534251732e-5,0,0
Breast,Male,Black,50-54,740813,11,1.5e-5,7e-6,2.7000000000000002e-5,5,6.749341601726751e-6,0,0
Breast,Male,Black,60-64,390440,21,5.4000000000000005e-5,3.2999999999999996e-5,8.199999999999999e-5,11,2.8173342895195164e-5,0,0
Breast,Male,Black,70-74,228946,14,6.1e-5,3.2999999999999996e-5,1.0300000000000001e-4,10,4.367842198597049e-5,0,0
Breast,Female,All,50-54,7743791,19243,0.002485,0.00245,0.00252,4981,6.432250043938428e-4,6.232948070266875e-4,6.232948070266875e-4
Breast,Female,All,60-64,4593481,17403,0.003789,0.003733,0.003845,6017,0.001309899834134505,0.0013509823549939578,0.0013509823549939578
Breast,Female,All,70-74,3750637,16750,0.004466,0.004399,0.004534,9627,0.0025667639923564983,0.0025737839822942074,0.0025737839822942074
Breast,Female,Black,50-54,862821,2077,0.002407,0.002305,0.002513,743,8.611287856925133e-4,8.441777321136134e-4,9.379752579040148e-4
Breast,Female,Black,60-64,482882,1519,0.0031460000000000004,0.002989,0.003308,651,0.0013481554499857108,0.0011731920531309926,0.0015083897825969906
Breast,Female,Black,70-74,332818,1285,0.0038610000000000003,0.003653,0.004078,722,0.002169353821007277,0.0019453388939300157,0.0024316736174125196
Cervix Uteri,Male,All,50-54,7410465,0,0,0,0,0,0,0,0
Cervix Uteri,Male,All,60-64,4183965,0,0,0,1e-6,0,0,0,0
Cervix Uteri,Male,All,70-74,2964507,0,0,0,1e-6,0,0,0,0
Cervix Uteri,Male,Black,50-54,740813,0,0,0,5e-6,0,0,0,0
Cervix Uteri,Male,Black,60-64,390440,0,0,0,9e-6,0,0,0,0
Cervix Uteri,Male,Black,70-74,228946,0,0,0,1.6e-5,0,0,0,0
Cervix Uteri,Female,All,50-54,7743791,1165,1.5e-4,1.4199999999999998e-4,1.5900000000000002e-4,509,6.573007975034451e-5,8.904211528952679e-5,8.904211528952679e-5
Cervix Uteri,Female,All,60-64,4593481,726,1.5800000000000002e-4,1.47e-4,1.7e-4,386,8.40321316230545e-5,1.5010915055488417e-4,1.5010915055488417e-4
Cervix Uteri,Female,All,70-74,3750637,523,1.39e-4,1.28e-4,1.5199999999999998e-4,361,9.625031694616141e-5,0,1.838417130210148e-4
Cervix Uteri,Female,Black,50-54,862821,151,1.75e-4,1.4800000000000002e-4,2.05e-4,69,7.997023716390769e-5,9.379752579040149e-5,9.379752579040149e-5
Cervix Uteri,Female,Black,60-64,482882,133,2.75e-4,2.31e-4,3.26e-4,67,1.387502536851653e-4,1.6759886473299894e-4,1.6759886473299894e-4
Cervix Uteri,Female,Black,70-74,332818,90,2.7e-4,2.17e-4,3.3200000000000005e-4,61,1.8328335606848187e-4,2.4316736174125197e-4,2.4316736174125197e-4
Colon and Rectum,Male,All,50-54,7410465,4482,6.05e-4,5.870000000000001e-4,6.23e-4,2009,2.711030954197881e-4,2.7234863075394056e-4,2.7234863075394056e-4
Colon and Rectum,Male,All,60-64,4183965,6600,0.0015769999999999998,0.00154,0.001616,3662,8.752463273473846e-4,8.039543017209753e-4,9.647451620651702e-4
Colon and Rectum,Male,All,70-74,2964507,9139,0.0030830000000000002,0.00302,0.003147,6484,0.002187210217415577,0.002042393554139019,0.0022693261712655767
Colon and Rectum,Male,Black,50-54,740813,600,8.1e-4,7.459999999999999e-4,8.770000000000001e-4,294,3.96861286181533e-4,3.0335268414566157e-4,4.044702455275488e-4
Colon and Rectum,Male,Black,60-64,390440,802,0.0020540000000000003,0.0019140000000000001,0.002201,465,0.0011909640405696137,0.001151150558344432,0.0013430089847351705
Colon and Rectum,Male,Black,70-74,228946,763,0.003333,0.0031,0.003578,511,0.002231967363483092,0.0019631494937670893,0.002290341076061604
Colon and Rectum,Female,All,50-54,7743791,3621,4.68e-4,4.5200000000000004e-4,4.83e-4,1493,1.9279962488657042e-4,1.7808423057905358e-4,1.7808423057905358e-4
Colon and Rectum,Female,All,60-64,4593481,4766,0.001038,0.001008,0.001067,2402,5.229149745040853e-4,4.5032745166465255e-4,6.004366022195367e-4
Colon and Rectum,Female,All,70-74,3750637,7812,0.0020830000000000002,0.0020369999999999997,0.00213,5250,0.001399762227056364,0.0012868919911471037,0.0014707337041681185
Colon and Rectum,Female,Black,50-54,862821,609,7.059999999999999e-4,6.51e-4,7.64e-4,256,2.9670116976754157e-4,2.8139257737120444e-4,3.7519010316160596e-4
Colon and Rectum,Female,Black,60-64,482882,713,0.0014769999999999998,0.00137,0.0015890000000000001,372,7.703745428489776e-4,6.703954589319958e-4,8.379943236649948e-4
Colon and Rectum,Female,Black,70-74,332818,821,0.002467,0.002301,0.002641,528,0.0015864526558058759,0.0014590041704475119,0.001702171532188764
Corpus Uteri,Male,All,50-54,7410465,0,0,0,0,0,0,0,0
Corpus Uteri,Male,All,60-64,4183965,0,0,0,1e-6,0,0,0,0
Corpus Uteri,Male,All,70-74,2964507,0,0,0,1e-6,0,0,0,0
Corpus Uteri,Male,Black,50-54,740813,0,0,0,5e-6,0,0,0,0
Corpus Uteri,Male,Black,60-64,390440,0,0,0,9e-6,0,0,0,0
Corpus Uteri,Male,Black,70-74,228946,0,0,0,1.6e-5,0,0,0,0
Corpus Uteri,Female,All,50-54,7743791,3186,4.11e-4,3.9700000000000005e-4,4.26e-4,723,9.33651231031416e-5,8.904211528952679e-5,8.904211528952679e-5
Corpus Uteri,Female,All,60-64,4593481,3727,8.11e-4,7.859999999999999e-4,8.38e-4,1296,2.821389704235198e-4,3.0021830110976835e-4,3.0021830110976835e-4
Corpus Uteri,Female,All,70-74,3750637,3232,8.62e-4,8.320000000000001e-4,8.92e-4,1960,5.225778981010425e-4,5.515251390630445e-4,5.515251390630445e-4
Corpus Uteri,Female,Black,50-54,862821,193,2.24e-4,1.93e-4,2.58e-4,73,8.460619294152553e-5,9.379752579040149e-5,9.379752579040149e-5
Corpus Uteri,Female,Black,60-64,482882,341,7.059999999999999e-4,6.33e-4,7.85e-4,176,3.644782783371507e-4,3.351977294659979e-4,5.027965941989969e-4
Corpus Uteri,Female,Black,70-74,332818,284,8.53e-4,7.570000000000001e-4,9.590000000000001e-4,186,5.588640037497972e-4,4.8633472348250394e-4,7.295020852237559e-4
Esophagus,Male,All,50-54,7410465,731,9.900000000000001e-5,9.199999999999999e-5,1.06e-4,590,7.961713603667247e-5,9.078287691798018e-5,9.078287691798018e-5
Esophagus,Male,All,60-64,4183965,997,2.38e-4,2.24e-4,2.54e-4,826,1.974203895109065e-4,1.6079086034419504e-4,1.6079086034419504e-4
Esophagus,Male,All,70-74,2964507,1199,4.04e-4,3.82e-4,4.28e-4,1047,3.531784542927374e-4,2.2693261712655765e-4,4.538652342531153e-4
Esophagus,Male,Black,50-54,740813,145,1.9600000000000002e-4,1.65e-4,2.3e-4,112,1.5118525187867923e-4,1.011175613818872e-4,2.022351227637744e-4
Esophagus,Male,Black,60-64,390440,175,4.48e-4,3.84e-4,5.2e-4,135,3.4576375371375885e-4,3.837168527814773e-4,3.837168527814773e-4
Esophagus,Male,Black,70-74,228946,141,6.16e-4,5.18e-4,7.26e-4,117,5.110375372358548e-4,3.2719158229451486e-4,6.543831645890297e-4
Esophagus,Female,All,50-54,7743791,116,1.5e-5,1.2e-5,1.8e-5,93,1.2009621643972572e-5,0,0
Esophagus,Female,All,60-64,4593481,251,5.5e-5,4.8e-5,6.2e-5,202,4.397536421724614e-5,0,0
Esophagus,Female,All,70-74,3750637,402,1.07e-4,9.7e-5,1.1800000000000001e-4,348,9.278423905059327e-5,0,1.838417130210148e-4
Esophagus,Female,Black,50-54,862821,35,4.0999999999999994e-5,2.8e-5,5.6e-5,29,3.361067938772932e-5,0,9.379752579040149e-5
Esophagus,Female,Black,60-64,482882,56,1.16e-4,8.800000000000001e-5,1.5099999999999998e-4,45,9.319046889302148e-5,0,1.6759886473299894e-4
Esophagus,Female,Black,70-74,332818,63,1.8899999999999999e-4,1.45e-4,2.42e-4,49,1.472276138910756e-4,0,2.4316736174125197e-4
Eye and Orbit,Male,All,50-54,7410465,102,1.4e-5,1.1000000000000001e-5,1.7e-5,45,6.0724934265258655e-6,0,0
Eye and Orbit,Male,All,60-64,4183965,87,2.1000000000000002e-5,1.7e-5,2.6000000000000002e-5,47,1.1233363567811872e-5,0,0
Eye and Orbit,Male,All,70-74,2964507,105,3.5e-5,2.9e-5,4.2999999999999995e-5,79,2.6648613074619154e-5,0,0
Eye and Orbit,Male,Black,50-54,740813,1,1e-6,0,8e-6,1,1.3498683203453502e-6,0,0
Eye and Orbit,Male,Black,60-64,390440,1,3e-6,0,1.4e-5,0,0,0,0
Eye and Orbit,Male,Black,70-74,228946,1,4e-6,0,2.4e-5,1,4.367842198597049e-6,0,0
Eye and Orbit,Female,All,50-54,7743791,64,8e-6,6e-6,1.1000000000000001e-5,29,3.7449357814538123e-6,0,0
Eye and Orbit,Female,All,60-64,4593481,74,1.6e-5,1.3000000000000001e-5,2e-5,44,9.578792205736782e-6,0,0
Eye and Orbit,Female,All,70-74,3750637,71,1.8999999999999998e-5,1.5e-5,2.4e-5,47,1.2531204699361735e-5,0,0
Eye and Orbit,Female,Black,50-54,862821,0,0,0,4e-6,0,0,0,0
Eye and Orbit,Female,Black,60-64,482882,2,4e-6,1e-6,1.5e-5,0,0,0,0
Eye and Orbit,Female,Black,70-74,332818,0,0,0,1.1000000000000001e-5,0,0,0,0
Floor of Mouth,Male,All,50-54,7410465,181,2.4e-5,2.1000000000000002e-5,2.8e-5,116,1.565353861060001e-5,0,0
Floor of Mouth,Male,All,60-64,4183965,193,4.599999999999999e-5,4e-5,5.3e-5,143,3.4178106174406334e-5,0,0
Floor of Mouth,Male,All,70-74,2964507,129,4.4000000000000006e-5,3.6e-5,5.2000000000000004e-5,110,3.7105663774786165e-5,0,0
Floor of Mouth,Male,Black,50-54,740813,39,5.3e-5,3.7000000000000005e-5,7.2e-5,25,3.3746708008633755e-5,0,0
Floor of Mouth,Male,Black,60-64,390440,28,7.2e-5,4.8e-5,1.0400000000000001e-4,24,6.146911177133491e-5,0,0
Floor of Mouth,Male,Black,70-74,228946,11,4.8e-5,2.4e-5,8.599999999999999e-5,7,3.057489539017934e-5,0,0
Floor of Mouth,Female,All,50-54,7743791,37,5e-6,3e-6,7e-6,18,2.324442898833401e-6,0,0
Floor of Mouth,Female,All,60-64,4593481,70,1.5e-5,1.2e-5,1.8999999999999998e-5,42,9.143392560021474e-6,0,0
Floor of Mouth,Female,All,70-74,3750637,69,1.8e-5,1.4e-5,2.2999999999999997e-5,58,1.5464039841765544e-5,0,0
Floor of Mouth,Female,Black,50-54,862821,4,5e-6,1e-6,1.2e-5,1,1.1589889444044592e-6,0,0
Floor of Mouth,Female,Black,60-64,482882,9,1.8999999999999998e-5,9e-6,3.5e-5,6,1.2425395852402864e-5,0,0
Floor of Mouth,Female,Black,70-74,332818,5,1.5e-5,5e-6,3.5e-5,4,1.201858072580209e-5,0,0
Gallbladder,Male,All,50-54,7410465,28,4e-6,3e-6,5e-6,23,3.1037188624465537e-6,0,0
Gallbladder,Male,All,60-64,4183965,66,1.6e-5,1.2e-5,2e-5,59,1.410145639363618e-5,0,0
Gallbladder,Male,All,70-74,2964507,127,4.2999999999999995e-5,3.6e-5,5.1e-5,110,3.7105663774786165e-5,0,0
Gallbladder,Male,Black,50-54,740813,2,3e-6,0,1e-5,2,2.6997366406907004e-6,0,0
Gallbladder,Male,Black,60-64,390440,5,1.3000000000000001e-5,4e-6,3e-5,3,7.683638971416863e-6,0,0
Gallbladder,Male,Black,70-74,228946,13,5.7e-5,3e-5,9.7e-5,11,4.804626418456754e-5,0,0
Gallbladder,Female,All,50-54,7743791,96,1.2e-5,1e-5,1.5e-5,73,9.426907311935458e-6,0,0
Gallbladder,Female,All,60-64,4593481,168,3.7000000000000005e-5,3.1e-5,4.2999999999999995e-5,141,3.069567502292923e-5,0,0
Gallbladder,Female,All,70-74,3750637,248,6.599999999999999e-5,5.8e-5,7.5e-5,216,5.759021734174755e-5,0,0
Gallbladder,Female,Black,50-54,862821,15,1.7e-5,1e-5,2.9e-5,7,8.112922610831215e-6,0,0
Gallbladder,Female,Black,60-64,482882,20,4.0999999999999994e-5,2.5e-5,6.4e-5,15,3.1063489631007164e-5,0,0
Gallbladder,Female,Black,70-74,332818,18,5.4000000000000005e-5,3.2e-5,8.5e-5,14,4.206503254030731e-5,0,0
Gum and Other Mouth,Male,All,50-54,7410465,203,2.7000000000000002e-5,2.4e-5,3.1e-5,129,1.7407814489374147e-5,0,0
Gum and Other Mouth,Male,All,60-64,4183965,262,6.3e-5,5.5e-5,7.099999999999999e-5,181,4.3260400122849976e-5,0,0
Gum and Other Mouth,Male,All,70-74,2964507,251,8.5e-5,7.5e-5,9.6e-5,189,6.375427684940531e-5,0,0
Gum and Other Mouth,Male,Black,50-54,740813,32,4.2999999999999995e-5,3e-5,6.1e-5,19,2.5647498086561657e-5,0,0
Gum and Other Mouth,Male,Black,60-64,390440,37,9.5e-5,6.7e-5,1.3099999999999999e-4,27,6.915275074275177e-5,0,1.9185842639073865e-4
Gum and Other Mouth,Male,Black,70-74,228946,16,7e-5,4e-5,1.1300000000000001e-4,10,4.367842198597049e-5,0,0
Gum and Other Mouth,Female,All,50-54,7743791,115,1.5e-5,1.2e-5,1.8e-5,44,5.6819715304816465e-6,0,0
Gum and Other Mouth,Female,All,60-64,4593481,142,3.1e-5,2.6000000000000002e-5,3.6e-5,94,2.046378334861949e-5,0,0
Gum and Other Mouth,Female,All,70-74,3750637,217,5.8e-5,5e-5,6.599999999999999e-5,166,4.425914851263932e-5,0,0
Gum and Other Mouth,Female,Black,50-54,862821,28,3.2e-5,2.2000000000000003e-5,4.7000000000000004e-5,18,2.086180099928027e-5,0,0
Gum and Other Mouth,Female,Black,60-64,482882,14,2.9e-5,1.6e-5,4.9000000000000005e-5,9,1.8638093778604297e-5,0,0
Gum and Other Mouth,Female,Black,70-74,332818,15,4.5e-5,2.5e-5,7.400000000000001e-5,11,3.305109699595575e-5,0,0
Hypopharynx,Male,All,50-54,7410465,147,2e-5,1.7e-5,2.2999999999999997e-5,112,1.5113761417131044e-5,0,0
Hypopharynx,Male,All,60-64,4183965,183,4.4000000000000006e-5,3.7999999999999995e-5,5.1e-5,147,3.513413711634777e-5,0,0
Hypopharynx,Male,All,70-74,2964507,209,7.099999999999999e-5,6.1e-5,8.099999999999999e-5,184,6.206765576873322e-5,0,0
Hypopharynx,Male,Black,50-54,740813,38,5.1e-5,3.6e-5,7e-5,33,4.454565457139656e-5,0,1.011175613818872e-4
Hypopharynx,Male,Black,60-64,390440,36,9.199999999999999e-5,6.5e-5,1.28e-4,27,6.915275074275177e-5,0,1.9185842639073865e-4
Hypopharynx,Male,Black,70-74,228946,29,1.27e-4,8.5e-5,1.82e-4,21,9.172468617053804e-5,0,0
Hypopharynx,Female,All,50-54,7743791,48,6e-6,5e-6,8e-6,33,4.261478647861235e-6,0,0
Hypopharynx,Female,All,60-64,4593481,48,1e-5,8e-6,1.4e-5,40,8.707992914306166e-6,0,0
Hypopharynx,Female,All,70-74,3750637,58,1.5e-5,1.2e-5,2e-5,55,1.4664175712019052e-5,0,0
Hypopharynx,Female,Black,50-54,862821,12,1.4e-5,7e-6,2.4e-5,10,1.1589889444044594e-5,0,0
Hypopharynx,Female,Black,60-64,482882,5,1e-5,3e-6,2.4e-5,5,1.0354496543669054e-5,0,0
Hypopharynx,Female,Black,70-74,332818,1,3e-6,0,1.7e-5,1,3.0046451814505223e-6,0,0
Intrahepatic Bile Duct,Male,All,50-54,7410465,46,6e-6,5e-6,8e-6,44,5.9375491281586245e-6,0,0
Intrahepatic Bile Duct,Male,All,60-64,4183965,74,1.8e-5,1.4e-5,2.2000000000000003e-5,66,1.5774510542033693e-5,0,0
Intrahepatic Bile Duct,Male,All,70-74,2964507,132,4.5e-5,3.7000000000000005e-5,5.3e-5,121,4.0816230152264776e-5,0,0
Intrahepatic Bile Duct,Male,Black,50-54,740813,3,4e-6,1e-6,1.2e-5,3,4.049604961036051e-6,0,0
Intrahepatic Bile Duct,Male,Black,60-64,390440,9,2.2999999999999997e-5,1.1000000000000001e-5,4.4000000000000006e-5,8,2.0489703923778303e-5,0,0
Intrahepatic Bile Duct,Male,Black,70-74,228946,8,3.5e-5,1.5e-5,6.900000000000001e-5,6,2.6207053191582295e-5,0,0
Intrahepatic Bile Duct,Female,All,50-54,7743791,33,4e-6,3e-6,6e-6,26,3.3575286316482456e-6,0,0
Intrahepatic Bile Duct,Female,All,60-64,4593481,60,1.3000000000000001e-5,1e-5,1.7e-5,53,1.153809061145567e-5,0,0
Intrahepatic Bile Duct,Female,All,70-74,3750637,95,2.5e-5,2e-5,3.1e-5,88,2.346268113923048e-5,0,0
Intrahepatic Bile Duct,Female,Black,50-54,862821,4,5e-6,1e-6,1.2e-5,3,3.476966833213378e-6,0,0
Intrahepatic Bile Duct,Female,Black,60-64,482882,4,8e-6,2e-6,2.1000000000000002e-5,3,6.212697926201432e-6,0,0
Intrahepatic Bile Duct,Female,Black,70-74,332818,7,2.1000000000000002e-5,8e-6,4.2999999999999995e-5,5,1.5023225907252613e-5,0,0
Kaposi Sarcoma,Male,All,50-54,7410465,99,1.3000000000000001e-5,1.1000000000000001e-5,1.6e-5,54,7.286992111831039e-6,0,0
Kaposi Sarcoma,Male,All,60-64,4183965,33,8e-6,5e-6,1.1000000000000001e-5,13,3.107100561309667e-6,0,0
Kaposi Sarcoma,Male,All,70-74,2964507,49,1.7e-5,1.2e-5,2.2000000000000003e-5,31,1.045705070016701e-5,0,0
Kaposi Sarcoma,Male,Black,50-54,740813,21,2.8e-5,1.8e-5,4.2999999999999995e-5,17,2.2947761445870955e-5,0,0
Kaposi Sarcoma,Male,Black,60-64,390440,7,1.8e-5,7e-6,3.7000000000000005e-5,5,1.2806064952361439e-5,0,0
Kaposi Sarcoma,Male,Black,70-74,228946,1,4e-6,0,2.4e-5,0,0,0,0
Kaposi Sarcoma,Female,All,50-54,7743791,7,1e-6,0,2e-6,4,5.165428664074224e-7,0,0
Kaposi Sarcoma,Female,All,60-64,4593481,4,1e-6,0,2e-6,1,2.1769982285765414e-7,0,0
Kaposi Sarcoma,Female,All,70-74,3750637,11,3e-6,1e-6,5e-6,7,1.866349636075152e-6,0,0
Kaposi Sarcoma,Female,Black,50-54,862821,3,3e-6,1e-6,1e-5,2,2.3179778888089185e-6,0,0
Kaposi Sarcoma,Female,Black,60-64,482882,1,2e-6,0,1.2e-5,1,2.070899308733811e-6,0,0
Kaposi Sarcoma,Female,Black,70-74,332818,0,0,0,1.1000000000000001e-5,0,0,0,0
Kidney and Renal Pelvis,Male,All,50-54,7410465,1796,2.42e-4,2.31e-4,2.54e-4,867,1.1699670668439835e-4,9.078287691798018e-5,9.078287691798018e-5
Kidney and Renal Pelvis,Male,All,60-64,4183965,2269,5.420000000000001e-4,5.2e-4,5.65e-4,1269,3.0330081633092056e-4,3.215817206883901e-4,3.215817206883901e-4
Kidney and Renal Pelvis,Male,All,70-74,2964507,2387,8.05e-4,7.729999999999999e-4,8.38e-4,1653,5.575969292701957e-4,4.538652342531153e-4,0.00068079785137967295
Kidney and Renal Pelvis,Male,Black,50-54,740813,230,3.1e-4,2.72e-4,3.5299999999999996e-4,114,1.5388498851936992e-4,1.011175613818872e-4,2.022351227637744e-4
Kidney and Renal Pelvis,Male,Black,60-64,390440,235,6.02e-4,5.27e-4,6.84e-4,119,3.047843458662022e-4,1.9185842639073865e-4,3.837168527814773e-4
Kidney and Renal Pelvis,Male,Black,70-74,228946,201,8.78e-4,7.61e-4,0.001008,121,5.285089060302429e-4,3.2719158229451486e-4,6.543831645890297e-4
Kidney and Renal Pelvis,Female,All,50-54,7743791,924,1.19e-4,1.12e-4,1.27e-4,342,4.416441507783462e-5,0,8.904211528952679e-5
Kidney and Renal Pelvis,Female,All,60-64,4593481,1039,2.2600000000000002e-4,2.13e-4,2.4e-4,549,1.1951720274885212e-4,1.5010915055488417e-4,1.5010915055488417e-4
Kidney and Renal Pelvis,Female,All,70-74,3750637,1424,3.8e-4,3.6e-4,4e-4,986,2.6288867731001425e-4,1.838417130210148e-4,3.676834260420296e-4
Kidney and Renal Pelvis,Female,Black,50-54,862821,130,1.5099999999999998e-4,1.26e-4,1.79e-4,54,6.25854029978408e-5,9.379752579040149e-5,9.379752579040149e-5
Kidney and Renal Pelvis,Female,Black,60-64,482882,123,2.55e-4,2.12e-4,3.0399999999999996e-4,65,1.346084550676977e-4,1.6759886473299894e-4,1.6759886473299894e-4
Kidney and Renal Pelvis,Female,Black,70-74,332818,152,4.5700000000000005e-4,3.8700000000000003e-4,5.35e-4,103,3.0947845368940383e-4,2.4316736174125197e-4,4.8633472348250394e-4
Larynx,Male,All,50-54,7410465,717,9.7e-5,9e-5,1.0400000000000001e-4,414,5.5866939524037965e-5,9.078287691798018e-5,9.078287691798018e-5
Larynx,Male,All,60-64,4183965,1098,2.6199999999999997e-4,2.47e-4,2.78e-4,721,1.7232457728494382e-4,1.6079086034419504e-4,1.6079086034419504e-4
Larynx,Male,All,70-74,2964507,1046,3.5299999999999996e-4,3.3200000000000005e-4,3.75e-4,827,2.7896712674316504e-4,2.2693261712655765e-4,2.2693261712655765e-4
Larynx,Male,Black,50-54,740813,135,1.82e-4,1.53e-4,2.1600000000000002e-4,89,1.2013828051073617e-4,1.011175613818872e-4,1.011175613818872e-4
Larynx,Male,Black,60-64,390440,190,4.87e-4,4.2e-4,5.61e-4,118,3.0222313287572996e-4,1.9185842639073865e-4,3.837168527814773e-4
Larynx,Male,Black,70-74,228946,128,5.59e-4,4.66e-4,6.65e-4,88,3.843701134765403e-4,3.2719158229451486e-4,3.2719158229451486e-4
Larynx,Female,All,50-54,7743791,166,2.1000000000000002e-5,1.8e-5,2.5e-5,88,1.1363943060963293e-5,0,0
Larynx,Female,All,60-64,4593481,257,5.6e-5,4.9000000000000005e-5,6.3e-5,189,4.1145266520096635e-5,0,0
Larynx,Female,All,70-74,3750637,266,7.099999999999999e-5,6.3e-5,8e-5,216,5.759021734174755e-5,0,0
Larynx,Female,Black,50-54,862821,30,3.5e-5,2.2999999999999997e-5,5e-5,19,2.2020789943684727e-5,0,0
Larynx,Female,Black,60-64,482882,41,8.5e-5,6.1e-5,1.15e-4,29,6.005607995328051e-5,0,1.6759886473299894e-4
Larynx,Female,Black,70-74,332818,29,8.699999999999999e-5,5.8e-5,1.25e-4,23,6.910683917336202e-5,0,0
Leukemia,Male,All,50-54,7410465,1019,1.3800000000000002e-4,1.29e-4,1.46e-4,563,7.597363998075695e-5,9.078287691798018e-5,9.078287691798018e-5
Leukemia,Male,All,60-64,4183965,1457,3.4799999999999995e-4,3.31e-4,3.6700000000000003e-4,1027,2.454609443434637e-4,1.6079086034419504e-4,3.215817206883901e-4
Leukemia,Male,All,70-74,2964507,2092,7.059999999999999e-4,6.76e-4,7.37e-4,1752,5.909920266675032e-4,4.538652342531153e-4,0.00068079785137967295
Leukemia,Male,Black,50-54,740813,108,1.46e-4,1.2e-4,1.7600000000000002e-4,67,9.044117746313847e-5,1.011175613818872e-4,1.011175613818872e-4
Leukemia,Male,Black,60-64,390440,117,3e-4,2.48e-4,3.59e-4,83,2.1258067820919987e-4,1.9185842639073865e-4,1.9185842639073865e-4
Leukemia,Male,Black,70-74,228946,127,5.55e-4,4.62e-4,6.6e-4,101,4.4115206205830196e-4,3.2719158229451486e-4,6.543831645890297e-4
Leukemia,Female,All,50-54,7743791,676,8.699999999999999e-5,8.099999999999999e-5,9.400000000000001e-5,366,4.726367227627915e-5,0,8.904211528952679e-5
Leukemia,Female,All,60-64,4593481,940,2.05e-4,1.92e-4,2.18e-4,574,1.2495969832029347e-4,1.5010915055488417e-4,1.5010915055488417e-4
Leukemia,Female,All,70-74,3750637,1349,3.6e-4,3.41e-4,3.79e-4,1041,2.775528530220333e-4,1.838417130210148e-4,3.676834260420296e-4
Leukemia,Female,Black,50-54,862821,62,7.2e-5,5.5e-5,9.199999999999999e-5,38,4.4041579887369454e-5,0,9.379752579040149e-5
Leukemia,Female,Black,60-64,482882,83,1.7199999999999998e-4,1.37e-4,2.13e-4,51,1.0561586474542435e-4,0,1.6759886473299894e-4
Leukemia,Female,Black,70-74,332818,110,3.31e-4,2.72e-4,3.9799999999999997e-4,85,2.553948404232944e-4,2.4316736174125197e-4,2.4316736174125197e-4
Lip,Male,All,50-54,7410465,121,1.6e-5,1.4e-5,2e-5,32,4.318217547751727e-6,0,0
Lip,Male,All,60-64,4183965,152,3.6e-5,3.1e-5,4.2999999999999995e-5,67,1.6013518277519054e-5,0,0
Lip,Male,All,70-74,2964507,212,7.2e-5,6.2e-5,8.199999999999999e-5,144,4.857468712335643e-5,0,0
Lip,Male,Black,50-54,740813,0,0,0,5e-6,0,0,0,0
Lip,Male,Black,60-64,390440,1,3e-6,0,1.4e-5,1,2.561212990472288e-6,0,0
Lip,Male,Black,70-74,228946,4,1.7e-5,5e-6,4.5e-5,2,8.735684397194098e-6,0,0
Lip,Female,All,50-54,7743791,36,5e-6,3e-6,6e-6,7,9.039500162129892e-7,0,0
Lip,Female,All,60-64,4593481,38,8e-6,6e-6,1.1000000000000001e-5,18,3.918596811437774e-6,0,0
Lip,Female,All,70-74,3750637,55,1.5e-5,1.1000000000000001e-5,1.8999999999999998e-5,35,9.33174818037576e-6,0,0
Lip,Female,Black,50-54,862821,2,2e-6,0,8e-6,0,0,0,0
Lip,Female,Black,60-64,482882,2,4e-6,1e-6,1.5e-5,1,2.070899308733811e-6,0,0
Lip,Female,Black,70-74,332818,0,0,0,1.1000000000000001e-5,0,0,0,0
Liver,Male,All,50-54,7410465,1116,1.5099999999999998e-4,1.4199999999999998e-4,1.6e-4,946,1.2765730625541042e-4,9.078287691798018e-5,9.078287691798018e-5
Liver,Male,All,60-64,4183965,969,2.32e-4,2.17e-4,2.47e-4,835,1.9957145913027476e-4,1.6079086034419504e-4,1.6079086034419504e-4
Liver,Male,All,70-74,2964507,1054,3.5600000000000003e-4,3.34e-4,3.7799999999999997e-4,943,3.1809673581475773e-4,2.2693261712655765e-4,2.2693261712655765e-4
Liver,Male,Black,50-54,740813,200,2.7e-4,2.34e-4,3.1e-4,162,2.1867866789594676e-4,2.022351227637744e-4,3.0335268414566157e-4
Liver,Male,Black,60-64,390440,121,3.1e-4,2.57e-4,3.7e-4,94,2.4075402110439504e-4,1.9185842639073865e-4,3.837168527814773e-4
Liver,Male,Black,70-74,228946,89,3.8899999999999997e-4,3.12e-4,4.7799999999999996e-4,75,3.275881648947787e-4,3.2719158229451486e-4,3.2719158229451486e-4
Liver,Female,All,50-54,7743791,215,2.8e-5,2.4e-5,3.2e-5,179,2.3115293271732154e-5,0,0
Liver,Female,All,60-64,4593481,368,8e-5,7.2e-5,8.900000000000001e-5,314,6.83577443773034e-5,0,1.5010915055488417e-4
Liver,Female,All,70-74,3750637,553,1.47e-4,1.35e-4,1.6e-4,506,1.3491041655057528e-4,1.838417130210148e-4,1.838417130210148e-4
Liver,Female,Black,50-54,862821,37,4.2999999999999995e-5,3e-5,5.9000000000000004e-5,30,3.476966833213378e-5,0,9.379752579040149e-5
Liver,Female,Black,60-64,482882,36,7.5e-5,5.2000000000000004e-5,1.0300000000000001e-4,27,5.591428133581289e-5,0,0
Liver,Female,Black,70-74,332818,46,1.3800000000000002e-4,1.01e-4,1.8399999999999997e-4,41,1.2319045243947143e-4,0,2.4316736174125197e-4
Lung and Bronchus,Male,All,50-54,7410465,4779,6.45e-4,6.270000000000001e-4,6.63e-4,3952,5.332998671473383e-4,5.446972615078811e-4,5.446972615078811e-4
Lung and Bronchus,Male,All,60-64,4183965,10451,0.0024980000000000002,0.00245,0.002546,8840,0.0021128283816905734,0.0020902811844745357,0.0020902811844745357
Lung and Bronchus,Male,All,70-74,2964507,14927,0.005035,0.004955,0.005117,13037,0.004397695805744429,0.004311719725404594,0.004538652342531153
Lung and Bronchus,Male,Black,50-54,740813,865,0.001168,0.001091,0.001248,637,8.598661200599881e-4,8.089404910550976e-4,9.100580524369848e-4
Lung and Bronchus,Male,Black,60-64,390440,1428,0.003657,0.00347,0.003852,1095,0.002804528224567155,0.002686017969470341,0.0030697348222518185
Lung and Bronchus,Male,Black,70-74,228946,1396,0.006097999999999999,0.005782000000000001,0.006426,1090,0.004760947996470783,0.004580682152123208,0.004907873734417723
Lung and Bronchus,Female,All,50-54,7743791,3803,4.91e-4,4.76e-4,5.070000000000001e-4,3002,3.876654212387705e-4,3.5616846115810717e-4,4.4521057644763407e-4
Lung and Bronchus,Female,All,60-64,4593481,7603,0.001655,0.001618,0.001693,6428,0.0013993744613290007,0.0013509823549939578,0.0015010915055488421
Lung and Bronchus,Female,All,70-74,3750637,11441,0.00305,0.002995,0.003107,10028,0.002673679164365946,0.0025737839822942074,0.0027576256953152226
Lung and Bronchus,Female,Black,50-54,862821,547,6.34e-4,5.82e-4,6.89e-4,405,4.6939052248380603e-4,4.689876289520074e-4,5.627851547424089e-4
Lung and Bronchus,Female,Black,60-64,482882,769,0.001593,0.0014819999999999998,0.001709,624,0.0012922411686498978,0.0011731920531309926,0.0013407909178639915
Lung and Bronchus,Female,Black,70-74,332818,869,0.002611,0.00244,0.002791,714,0.002145316659555673,0.0019453388939300157,0.002188506255671268
Lymphoma,Male,All,50-54,7410465,2251,3.0399999999999996e-4,2.91e-4,3.17e-4,1066,1.438506220594794e-4,9.078287691798018e-5,1.8156575383596036e-4
Lymphoma,Male,All,60-64,4183965,2323,5.55e-4,5.329999999999999e-4,5.78e-4,1432,3.4225907721503404e-4,3.215817206883901e-4,3.215817206883901e-4
Lymphoma,Male,All,70-74,2964507,2930,9.88e-4,9.53e-4,0.001025,2323,7.836041540802568e-4,0.00068079785137967295,9.077304685062306e-4
Lymphoma,Male,Black,50-54,740813,233,3.15e-4,2.75e-4,3.58e-4,140,1.8898156484834904e-4,2.022351227637744e-4,2.022351227637744e-4
Lymphoma,Male,Black,60-64,390440,153,3.9200000000000004e-4,3.3200000000000005e-4,4.59e-4,105,2.689273639995902e-4,1.9185842639073865e-4,3.837168527814773e-4
Lymphoma,Male,Black,70-74,228946,150,6.55e-4,5.55e-4,7.69e-4,103,4.4988774645549604e-4,3.2719158229451486e-4,6.543831645890297e-4
Lymphoma,Female,All,50-54,7743791,1578,2.04e-4,1.94e-4,2.14e-4,567,7.321995131325212e-5,8.904211528952679e-5,8.904211528952679e-5
Lymphoma,Female,All,60-64,4593481,1877,4.0899999999999997e-4,3.9e-4,4.28e-4,976,2.1247502710907044e-4,1.5010915055488417e-4,3.0021830110976835e-4
Lymphoma,Female,All,70-74,3750637,2703,7.21e-4,6.940000000000001e-4,7.48e-4,1973,5.260439759966107e-4,5.515251390630445e-4,5.515251390630445e-4
Lymphoma,Female,Black,50-54,862821,169,1.9600000000000002e-4,1.67e-4,2.28e-4,73,8.460619294152553e-5,9.379752579040149e-5,9.379752579040149e-5
Lymphoma,Female,Black,60-64,482882,129,2.67e-4,2.23e-4,3.17e-4,65,1.346084550676977e-4,1.6759886473299894e-4,1.6759886473299894e-4
Lymphoma,Female,Black,70-74,332818,144,4.3299999999999995e-4,3.65e-4,5.09e-4,98,2.944552277821512e-4,2.4316736174125197e-4,2.4316736174125197e-4
Melanoma of the Skin,Male,All,50-54,7410465,2517,3.4e-4,3.2700000000000003e-4,3.5299999999999996e-4,634,8.555468516483108e-5,9.078287691798018e-5,9.078287691798018e-5
Melanoma of the Skin,Male,All,60-64,4183965,2342,5.6e-4,5.37e-4,5.83e-4,906,2.1654100834973524e-4,1.6079086034419504e-4,1.6079086034419504e-4
Melanoma of the Skin,Male,All,70-74,2964507,2662,8.979999999999999e-4,8.640000000000001e-4,9.33e-4,1721,5.805349759673362e-4,4.538652342531153e-4,0.00068079785137967295
Melanoma of the Skin,Male,Black,50-54,740813,9,1.2e-5,6e-6,2.2999999999999997e-5,4,5.399473281381401e-6,0,0
Melanoma of the Skin,Male,Black,60-64,390440,19,4.9000000000000005e-5,2.9e-5,7.599999999999999e-5,12,3.0734555885667454e-5,0,0
Melanoma of the Skin,Male,Black,70-74,228946,9,3.9e-5,1.8e-5,7.5e-5,4,1.7471368794388195e-5,0,0
Melanoma of the Skin,Female,All,50-54,7743791,1798,2.32e-4,2.22e-4,2.43e-4,308,3.977380071337152e-5,0,0
Melanoma of the Skin,Female,All,60-64,4593481,1318,2.87e-4,2.72e-4,3.03e-4,354,7.706573729160957e-5,0,1.5010915055488417e-4
Melanoma of the Skin,Female,All,70-74,3750637,1438,3.83e-4,3.64e-4,4.04e-4,773,2.0609832409801323e-4,1.838417130210148e-4,1.838417130210148e-4
Melanoma of the Skin,Female,Black,50-54,862821,3,3e-6,1e-6,1e-5,1,1.1589889444044592e-6,0,0
Melanoma of the Skin,Female,Black,60-64,482882,11,2.2999999999999997e-5,1.1000000000000001e-5,4.0999999999999994e-5,5,1.0354496543669054e-5,0,0
Melanoma of the Skin,Female,Black,70-74,332818,8,2.4e-5,1e-5,4.7000000000000004e-5,4,1.201858072580209e-5,0,0
Mesothelioma,Male,All,50-54,7410465,67,9e-6,7e-6,1.1000000000000001e-5,56,7.556880708565522e-6,0,0
Mesothelioma,Male,All,60-64,4183965,152,3.6e-5,3.1e-5,4.2999999999999995e-5,135,3.2266044290523464e-5,0,0
Mesothelioma,Male,All,70-74,2964507,364,1.23e-4,1.1e-4,1.36e-4,323,1.0895572181141755e-4,0,2.2693261712655765e-4
Mesothelioma,Male,Black,50-54,740813,4,5e-6,1e-6,1.4e-5,3,4.049604961036051e-6,0,0
Mesothelioma,Male,Black,60-64,390440,6,1.5e-5,6e-6,3.2999999999999996e-5,4,1.0244851961889151e-5,0,0
Mesothelioma,Male,Black,70-74,228946,16,7e-5,4e-5,1.1300000000000001e-4,13,5.678194858176164e-5,0,0
Mesothelioma,Female,All,50-54,7743791,41,5e-6,4e-6,7e-6,32,4.1323429312593795e-6,0,0
Mesothelioma,Female,All,60-64,4593481,45,1e-5,7e-6,1.3000000000000001e-5,37,8.054893445733203e-6,0,0
Mesothelioma,Female,All,70-74,3750637,54,1.4e-5,1.1000000000000001e-5,1.8999999999999998e-5,47,1.2531204699361735e-5,0,0
Mesothelioma,Female,Black,50-54,862821,4,5e-6,1e-6,1.2e-5,1,1.1589889444044592e-6,0,0
Mesothelioma,Female,Black,60-64,482882,4,8e-6,2e-6,2.1000000000000002e-5,3,6.212697926201432e-6,0,0
Mesothelioma,Female,Black,70-74,332818,5,1.5e-5,5e-6,3.5e-5,4,1.201858072580209e-5,0,0
Myeloma,Male,All,50-54,7410465,562,7.599999999999999e-5,7e-5,8.199999999999999e-5,417,5.627177241913969e-5,9.078287691798018e-5,9.078287691798018e-5
Myeloma,Male,All,60-64,4183965,746,1.7800000000000002e-4,1.6600000000000002e-4,1.92e-4,616,1.4722876505898113e-4,1.6079086034419504e-4,1.6079086034419504e-4
Myeloma,Male,All,70-74,2964507,1100,3.71e-4,3.4899999999999997e-4,3.94e-4,960,3.238312474890429e-4,2.2693261712655765e-4,4.538652342531153e-4
Myeloma,Male,Black,50-54,740813,121,1.63e-4,1.36e-4,1.95e-4,88,1.1878841219039083e-4,1.011175613818872e-4,1.011175613818872e-4
Myeloma,Male,Black,60-64,390440,136,3.4799999999999995e-4,2.92e-4,4.1200000000000004e-4,103,2.6380493801864564e-4,1.9185842639073865e-4,3.837168527814773e-4
Myeloma,Male,Black,70-74,228946,141,6.16e-4,5.18e-4,7.26e-4,111,4.8483048404427244e-4,3.2719158229451486e-4,6.543831645890297e-4
Myeloma,Female,All,50-54,7743791,413,5.3e-5,4.8e-5,5.9000000000000004e-5,293,3.783676496434369e-5,0,0
Myeloma,Female,All,60-64,4593481,578,1.26e-4,1.16e-4,1.37e-4,451,9.818262010880201e-5,1.5010915055488417e-4,1.5010915055488417e-4
Myeloma,Female,All,70-74,3750637,904,2.41e-4,2.2600000000000002e-4,2.57e-4,787,2.0983102337016353e-4,1.838417130210148e-4,1.838417130210148e-4
Myeloma,Female,Black,50-54,862821,125,1.45e-4,1.21e-4,1.73e-4,89,1.0315001605199688e-4,9.379752579040149e-5,9.379752579040149e-5
Myeloma,Female,Black,60-64,482882,124,2.57e-4,2.14e-4,3.06e-4,93,1.925936357122444e-4,1.6759886473299894e-4,1.6759886473299894e-4
Myeloma,Female,Black,70-74,332818,159,4.7799999999999996e-4,4.06e-4,5.58e-4,132,3.9661316395146897e-4,2.4316736174125197e-4,4.8633472348250394e-4
Nasopharynx,Male,All,50-54,7410465,138,1.8999999999999998e-5,1.6e-5,2.2000000000000003e-5,89,1.2010042554684491e-5,0,0
Nasopharynx,Male,All,60-64,4183965,125,3e-5,2.5e-5,3.6e-5,95,2.2705734871109105e-5,0,0
Nasopharynx,Male,All,70-74,2964507,73,2.5e-5,1.8999999999999998e-5,3.1e-5,63,2.1251425616468437e-5,0,0
Nasopharynx,Male,Black,50-54,740813,13,1.8e-5,9e-6,3e-5,6,8.099209922072103e-6,0,0
Nasopharynx,Male,Black,60-64,390440,13,3.2999999999999996e-5,1.8e-5,5.7e-5,8,2.0489703923778303e-5,0,0
Nasopharynx,Male,Black,70-74,228946,6,2.6000000000000002e-5,1e-5,5.7e-5,3,1.3103526595791147e-5,0,0
Nasopharynx,Female,All,50-54,7743791,59,8e-6,6e-6,1e-5,33,4.261478647861235e-6,0,0
Nasopharynx,Female,All,60-64,4593481,45,1e-5,7e-6,1.3000000000000001e-5,30,6.530994685729624e-6,0,0
Nasopharynx,Female,All,70-74,3750637,43,1.1000000000000001e-5,8e-6,1.5e-5,33,8.79850542721143e-6,0,0
Nasopharynx,Female,Black,50-54,862821,6,7e-6,3e-6,1.5e-5,3,3.476966833213378e-6,0,0
Nasopharynx,Female,Black,60-64,482882,4,8e-6,2e-6,2.1000000000000002e-5,2,4.141798617467622e-6,0,0
Nasopharynx,Female,Black,70-74,332818,1,3e-6,0,1.7e-5,1,3.0046451814505223e-6,0,0
"Nose, Nasal Cavity and Middle Ear",Male,All,50-54,7410465,106,1.4e-5,1.2e-5,1.7e-5,65,8.771379393870694e-6,0,0
"Nose, Nasal Cavity and Middle Ear",Male,All,60-64,4183965,100,2.4e-5,1.8999999999999998e-5,2.9e-5,70,1.6730541483975128e-5,0,0
"Nose, Nasal Cavity and Middle Ear",Male,All,70-74,2964507,92,3.1e-5,2.5e-5,3.7999999999999995e-5,69,2.3275370913274954e-5,0,0
"Nose, Nasal Cavity and Middle Ear",Male,Black,50-54,740813,11,1.5e-5,7e-6,2.7000000000000002e-5,6,8.099209922072103e-6,0,0
"Nose, Nasal Cavity and Middle Ear",Male,Black,60-64,390440,12,3.1e-5,1.6e-5,5.4000000000000005e-5,7,1.7928490933306013e-5,0,0
"Nose, Nasal Cavity and Middle Ear",Male,Black,70-74,228946,9,3.9e-5,1.8e-5,7.5e-5,5,2.1839210992985245e-5,0,0
"Nose, Nasal Cavity and Middle Ear",Female,All,50-54,7743791,45,6e-6,4e-6,8e-6,22,2.8409857652408232e-6,0,0
"Nose, Nasal Cavity and Middle Ear",Female,All,60-64,4593481,62,1.3000000000000001e-5,1e-5,1.7e-5,37,8.054893445733203e-6,0,0
"Nose, Nasal Cavity and Middle Ear",Female,All,70-74,3750637,61,1.6e-5,1.2e-5,2.1000000000000002e-5,43,1.1464719193033077e-5,0,0
"Nose, Nasal Cavity and Middle Ear",Female,Black,50-54,862821,5,6e-6,2e-6,1.4e-5,3,3.476966833213378e-6,0,0
"Nose, Nasal Cavity and Middle Ear",Female,Black,60-64,482882,5,1e-5,3e-6,2.4e-5,3,6.212697926201432e-6,0,0
"Nose, Nasal Cavity and Middle Ear",Female,Black,70-74,332818,3,9e-6,2e-6,2.6000000000000002e-5,1,3.0046451814505223e-6,0,0
Oropharynx,Male,All,50-54,7410465,81,1.1000000000000001e-5,9e-6,1.4e-5,58,7.826769305300005e-6,0,0
Oropharynx,Male,All,60-64,4183965,88,2.1000000000000002e-5,1.7e-5,2.6000000000000002e-5,66,1.5774510542033693e-5,0,0
Oropharynx,Male,All,70-74,2964507,61,2.1000000000000002e-5,1.6e-5,2.6000000000000002e-5,53,1.787818345512424e-5,0,0
Oropharynx,Male,Black,50-54,740813,16,2.2000000000000003e-5,1.2e-5,3.5e-5,14,1.8898156484834904e-5,0,0
Oropharynx,Male,Black,60-64,390440,15,3.7999999999999995e-5,2.2000000000000003e-5,6.3e-5,10,2.5612129904722878e-5,0,0
Oropharynx,Male,Black,70-74,228946,9,3.9e-5,1.8e-5,7.5e-5,8,3.494273758877639e-5,0,0
Oropharynx,Female,All,50-54,7743791,13,2e-6,1e-6,3e-6,9,1.1622214494167005e-6,0,0
Oropharynx,Female,All,60-64,4593481,17,4e-6,2e-6,6e-6,10,2.1769982285765414e-6,0,0
Oropharynx,Female,All,70-74,3750637,30,8e-6,5e-6,1.1000000000000001e-5,25,6.665534414554114e-6,0,0
Oropharynx,Female,Black,50-54,862821,3,3e-6,1e-6,1e-5,1,1.1589889444044592e-6,0,0
Oropharynx,Female,Black,60-64,482882,3,6e-6,1e-6,1.8e-5,2,4.141798617467622e-6,0,0
Oropharynx,Female,Black,70-74,332818,3,9e-6,2e-6,2.6000000000000002e-5,2,6.009290362901045e-6,0,0
Other Biliary,Male,All,50-54,7410465,102,1.4e-5,1.1000000000000001e-5,1.7e-5,79,1.0660599571012076e-5,0,0
Other Biliary,Male,All,60-64,4183965,178,4.2999999999999995e-5,3.7000000000000005e-5,4.9000000000000005e-5,149,3.561215258731849e-5,0,0
Other Biliary,Male,All,70-74,2964507,296,1e-4,8.900000000000001e-5,1.12e-4,255,8.601767511427701e-5,0,0
Other Biliary,Male,Black,50-54,740813,10,1.3000000000000001e-5,6e-6,2.5e-5,9,1.2148814883108153e-5,0,0
Other Biliary,Male,Black,60-64,390440,14,3.6e-5,2e-5,6e-5,12,3.0734555885667454e-5,0,0
Other Biliary,Male,Black,70-74,228946,16,7e-5,4e-5,1.1300000000000001e-4,10,4.367842198597049e-5,0,0
Other Biliary,Female,All,50-54,7743791,81,1e-5,8e-6,1.3000000000000001e-5,66,8.52295729572247e-6,0,0
Other Biliary,Female,All,60-64,4593481,135,2.9e-5,2.5e-5,3.5e-5,106,2.307618122291134e-5,0,0
Other Biliary,Female,All,70-74,3750637,237,6.3e-5,5.5e-5,7.2e-5,201,5.359089669301508e-5,0,0
Other Biliary,Female,Black,50-54,862821,5,6e-6,2e-6,1.4e-5,4,4.635955777617837e-6,0,0
Other Biliary,Female,Black,60-64,482882,16,3.2999999999999996e-5,1.8999999999999998e-5,5.4000000000000005e-5,12,2.485079170480573e-5,0,0
Other Biliary,Female,Black,70-74,332818,17,5.1e-5,3e-5,8.199999999999999e-5,14,4.206503254030731e-5,0,0
Other Digestive Organs,Male,All,50-54,7410465,39,5e-6,4e-6,7e-6,36,4.857994741220693e-6,0,0
Other Digestive Organs,Male,All,60-64,4183965,43,1e-5,7e-6,1.4e-5,40,9.56030941941436e-6,0,0
Other Digestive Organs,Male,All,70-74,2964507,73,2.5e-5,1.8999999999999998e-5,3.1e-5,69,2.3275370913274954e-5,0,0
Other Digestive Organs,Male,Black,50-54,740813,4,5e-6,1e-6,1.4e-5,4,5.399473281381401e-6,0,0
Other Digestive Organs,Male,Black,60-64,390440,11,2.8e-5,1.4e-5,5e-5,10,2.5612129904722878e-5,0,0
Other Digestive Organs,Male,Black,70-74,228946,7,3.1e-5,1.2e-5,6.3e-5,7,3.057489539017934e-5,0,0
Other Digestive Organs,Female,All,50-54,7743791,29,4e-6,3e-6,5e-6,25,3.22839291504639e-6,0,0
Other Digestive Organs,Female,All,60-64,4593481,35,8e-6,5e-6,1.1000000000000001e-5,31,6.748694508587279e-6,0,0
Other Digestive Organs,Female,All,70-74,3750637,76,2e-5,1.6e-5,2.5e-5,70,1.866349636075152e-5,0,0
Other Digestive Organs,Female,Black,50-54,862821,3,3e-6,1e-6,1e-5,2,2.3179778888089185e-6,0,0
Other Digestive Organs,Female,Black,60-64,482882,4,8e-6,2e-6,2.1000000000000002e-5,3,6.212697926201432e-6,0,0
Other Digestive Organs,Female,Black,70-74,332818,15,4.5e-5,2.5e-5,7.400000000000001e-5,13,3.906038735885679e-5,0,0
Other Endocrine including Thymus,Male,All,50-54,7410465,62,8e-6,6e-6,1.1000000000000001e-5,35,4.723050442853451e-6,0,0
Other Endocrine including Thymus,Male,All,60-64,4183965,73,1.7e-5,1.4e-5,2.2000000000000003e-5,54,1.2906417716209385e-5,0,0
Other Endocrine including Thymus,Male,All,70-74,2964507,65,2.2000000000000003e-5,1.7e-5,2.8e-5,55,1.8552831887393082e-5,0,0
Other Endocrine including Thymus,Male,Black,50-54,740813,11,1.5e-5,7e-6,2.7000000000000002e-5,4,5.399473281381401e-6,0,0
Other Endocrine including Thymus,Male,Black,60-64,390440,8,2e-5,9e-6,4e-5,5,1.2806064952361439e-5,0,0
Other Endocrine including Thymus,Male,Black,70-74,228946,3,1.3000000000000001e-5,3e-6,3.7999999999999995e-5,3,1.3103526595791147e-5,0,0
Other Endocrine including Thymus,Female,All,50-54,7743791,60,8e-6,6e-6,1e-5,39,5.0362929474723686e-6,0,0
Other Endocrine including Thymus,Female,All,60-64,4593481,56,1.2e-5,9e-6,1.6e-5,31,6.748694508587279e-6,0,0
Other Endocrine including Thymus,Female,All,70-74,3750637,62,1.7e-5,1.3000000000000001e-5,2.1000000000000002e-5,39,1.0398233686704418e-5,0,0
Other Endocrine including Thymus,Female,Black,50-54,862821,9,1e-5,5e-6,2e-5,6,6.953933666426756e-6,0,0
Other Endocrine including Thymus,Female,Black,60-64,482882,4,8e-6,2e-6,2.1000000000000002e-5,2,4.141798617467622e-6,0,0
Other Endocrine including Thymus,Female,Black,70-74,332818,9,2.7000000000000002e-5,1.2e-5,5.1e-5,6,1.8027871088703135e-5,0,0
Other Female Genital Organs,Male,All,50-54,7410465,0,0,0,0,0,0,0,0
Other Female Genital Organs,Male,All,60-64,4183965,0,0,0,1e-6,0,0,0,0
Other Female Genital Organs,Male,All,70-74,2964507,0,0,0,1e-6,0,0,0,0
Other Female Genital Organs,Male,Black,50-54,740813,0,0,0,5e-6,0,0,0,0
Other Female Genital Organs,Male,Black,60-64,390440,0,0,0,9e-6,0,0,0,0
Other Female Genital Organs,Male,Black,70-74,228946,0,0,0,1.6e-5,0,0,0,0
Other Female Genital Organs,Female,All,50-54,7743791,85,1.1000000000000001e-5,9e-6,1.4e-5,36,4.648885797666802e-6,0,0
Other Female Genital Organs,Female,All,60-64,4593481,97,2.1000000000000002e-5,1.7e-5,2.6000000000000002e-5,49,1.0667291320025054e-5,0,0
Other Female Genital Organs,Female,All,70-74,3750637,101,2.7000000000000002e-5,2.2000000000000003e-5,3.2999999999999996e-5,76,2.026322462024451e-5,0,0
Other Female Genital Organs,Female,Black,50-54,862821,8,9e-6,4e-6,1.8e-5,4,4.635955777617837e-6,0,0
Other Female Genital Organs,Female,Black,60-64,482882,7,1.4e-5,6e-6,3e-5,5,1.0354496543669054e-5,0,0
Other Female Genital Organs,Female,Black,70-74,332818,6,1.8e-5,7e-6,3.9e-5,2,6.009290362901045e-6,0,0
Other Male Genital Organs,Male,All,50-54,7410465,23,3e-6,2e-6,5e-6,7,9.446100885706902e-7,0,0
Other Male Genital Organs,Male,All,60-64,4183965,27,6e-6,4e-6,9e-6,6,1.4340464129121539e-6,0,0
Other Male Genital Organs,Male,All,70-74,2964507,38,1.3000000000000001e-5,9e-6,1.8e-5,26,8.770429619494911e-6,0,0
Other Male Genital Organs,Male,Black,50-54,740813,3,4e-6,1e-6,1.2e-5,2,2.6997366406907004e-6,0,0
Other Male Genital Organs,Male,Black,60-64,390440,1,3e-6,0,1.4e-5,0,0,0,0
Other Male Genital Organs,Male,Black,70-74,228946,3,1.3000000000000001e-5,3e-6,3.7999999999999995e-5,3,1.3103526595791147e-5,0,0
Other Male Genital Organs,Female,All,50-54,7743791,0,0,0,0,0,0,0,0
Other Male Genital Organs,Female,All,60-64,4593481,0,0,0,1e-6,0,0,0,0
Other Male Genital Organs,Female,All,70-74,3750637,0,0,0,1e-6,0,0,0,0
Other Male Genital Organs,Female,Black,50-54,862821,0,0,0,4e-6,0,0,0,0
Other Male Genital Organs,Female,Black,60-64,482882,0,0,0,8e-6,0,0,0,0
Other Male Genital Organs,Female,Black,70-74,332818,0,0,0,1.1000000000000001e-5,0,0,0,0
Other Non-Epithelial Skin,Male,All,50-54,7410465,132,1.8e-5,1.5e-5,2.1000000000000002e-5,31,4.183273249384485e-6,0,0
Other Non-Epithelial Skin,Male,All,60-64,4183965,149,3.6e-5,3e-5,4.2000000000000004e-5,60,1.4340464129121539e-5,0,0
Other Non-Epithelial Skin,Male,All,70-74,2964507,281,9.5e-5,8.400000000000001e-5,1.07e-4,201,6.780216744301835e-5,0,0
Other Non-Epithelial Skin,Male,Black,50-54,740813,11,1.5e-5,7e-6,2.7000000000000002e-5,2,2.6997366406907004e-6,0,0
Other Non-Epithelial Skin,Male,Black,60-64,390440,8,2e-5,9e-6,4e-5,4,1.0244851961889151e-5,0,0
Other Non-Epithelial Skin,Male,Black,70-74,228946,7,3.1e-5,1.2e-5,6.3e-5,3,1.3103526595791147e-5,0,0
Other Non-Epithelial Skin,Female,All,50-54,7743791,104,1.3000000000000001e-5,1.1000000000000001e-5,1.6e-5,14,1.8079000324259784e-6,0,0
Other Non-Epithelial Skin,Female,All,60-64,4593481,105,2.2999999999999997e-5,1.8999999999999998e-5,2.8e-5,36,7.837193622875548e-6,0,0
Other Non-Epithelial Skin,Female,All,70-74,3750637,165,4.4000000000000006e-5,3.7999999999999995e-5,5.1e-5,91,2.4262545268976976e-5,0,0
Other Non-Epithelial Skin,Female,Black,50-54,862821,15,1.7e-5,1e-5,2.9e-5,2,2.3179778888089185e-6,0,0
Other Non-Epithelial Skin,Female,Black,60-64,482882,4,8e-6,2e-6,2.1000000000000002e-5,2,4.141798617467622e-6,0,0
Other Non-Epithelial Skin,Female,Black,70-74,332818,9,2.7000000000000002e-5,1.2e-5,5.1e-5,7,2.1032516270153657e-5,0,0
Other Oral Cavity and Pharynx,Male,All,50-54,7410465,54,7e-6,5e-6,1e-5,37,4.992939039587934e-6,0,0
Other Oral Cavity and Pharynx,Male,All,60-64,4183965,66,1.6e-5,1.2e-5,2e-5,49,1.171137903878259e-5,0,0
Other Oral Cavity and Pharynx,Male,All,70-74,2964507,50,1.7e-5,1.3000000000000001e-5,2.2000000000000003e-5,43,1.4504941293780045e-5,0,0
Other Oral Cavity and Pharynx,Male,Black,50-54,740813,9,1.2e-5,6e-6,2.2999999999999997e-5,6,8.099209922072103e-6,0,0
Other Oral Cavity and Pharynx,Male,Black,60-64,390440,14,3.6e-5,2e-5,6e-5,10,2.5612129904722878e-5,0,0
Other Oral Cavity and Pharynx,Male,Black,70-74,228946,7,3.1e-5,1.2e-5,6.3e-5,7,3.057489539017934e-5,0,0
Other Oral Cavity and Pharynx,Female,All,50-54,7743791,16,2e-6,1e-6,3e-6,10,1.291357166018556e-6,0,0
Other Oral Cavity and Pharynx,Female,All,60-64,4593481,25,5e-6,4e-6,8e-6,21,4.571696280010737e-6,0,0
Other Oral Cavity and Pharynx,Female,All,70-74,3750637,37,1e-5,7e-6,1.4e-5,29,7.732019920882772e-6,0,0
Other Oral Cavity and Pharynx,Female,Black,50-54,862821,4,5e-6,1e-6,1.2e-5,3,3.476966833213378e-6,0,0
Other Oral Cavity and Pharynx,Female,Black,60-64,482882,4,8e-6,2e-6,2.1000000000000002e-5,3,6.212697926201432e-6,0,0
Other Oral Cavity and Pharynx,Female,Black,70-74,332818,6,1.8e-5,7e-6,3.9e-5,4,1.201858072580209e-5,0,0
Other Urinary Organs,Male,All,50-54,7410465,27,4e-6,2e-6,5e-6,14,1.8892201771413805e-6,0,0
Other Urinary Organs,Male,All,60-64,4183965,36,9e-6,6e-6,1.2e-5,21,5.019162445192538e-6,0,0
Other Urinary Organs,Male,All,70-74,2964507,74,2.5e-5,2e-5,3.1e-5,59,1.9902128751930758e-5,0,0
Other Urinary Organs,Male,Black,50-54,740813,2,3e-6,0,1e-5,2,2.6997366406907004e-6,0,0
Other Urinary Organs,Male,Black,60-64,390440,5,1.3000000000000001e-5,4e-6,3e-5,3,7.683638971416863e-6,0,0
Other Urinary Organs,Male,Black,70-74,228946,8,3.5e-5,1.5e-5,6.900000000000001e-5,6,2.6207053191582295e-5,0,0
Other Urinary Organs,Female,All,50-54,7743791,15,2e-6,1e-6,3e-6,10,1.291357166018556e-6,0,0
Other Urinary Organs,Female,All,60-64,4593481,24,5e-6,3e-6,8e-6,18,3.918596811437774e-6,0,0
Other Urinary Organs,Female,All,70-74,3750637,24,6e-6,4e-6,1e-5,20,5.332427531643292e-6,0,0
Other Urinary Organs,Female,Black,50-54,862821,5,6e-6,2e-6,1.4e-5,5,5.794944722022297e-6,0,0
Other Urinary Organs,Female,Black,60-64,482882,9,1.8999999999999998e-5,9e-6,3.5e-5,7,1.4496295161136675e-5,0,0
Other Urinary Organs,Female,Black,70-74,332818,6,1.8e-5,7e-6,3.9e-5,6,1.8027871088703135e-5,0,0
Ovary,Male,All,50-54,7410465,0,0,0,0,0,0,0,0
Ovary,Male,All,60-64,4183965,0,0,0,1e-6,0,0,0,0
Ovary,Male,All,70-74,2964507,0,0,0,1e-6,0,0,0,0
Ovary,Male,Black,50-54,740813,0,0,0,5e-6,0,0,0,0
Ovary,Male,Black,60-64,390440,0,0,0,9e-6,0,0,0,0
Ovary,Male,Black,70-74,228946,0,0,0,1.6e-5,0,0,0,0
Ovary,Female,All,50-54,7743791,1769,2.28e-4,2.18e-4,2.3899999999999998e-4,1049,1.3546336671534654e-4,8.904211528952679e-5,1.7808423057905358e-4
Ovary,Female,All,60-64,4593481,1851,4.03e-4,3.85e-4,4.22e-4,1346,2.9302396156640246e-4,3.0021830110976835e-4,3.0021830110976835e-4
Ovary,Female,All,70-74,3750637,1909,5.09e-4,4.86e-4,5.32e-4,1592,4.24461231518806e-4,3.676834260420296e-4,3.676834260420296e-4
Ovary,Female,Black,50-54,862821,120,1.39e-4,1.15e-4,1.6600000000000002e-4,65,7.533428138628986e-5,9.379752579040149e-5,9.379752579040149e-5
Ovary,Female,Black,60-64,482882,142,2.94e-4,2.48e-4,3.4700000000000003e-4,107,2.2158622603451775e-4,1.6759886473299894e-4,3.351977294659979e-4
Ovary,Female,Black,70-74,332818,128,3.85e-4,3.21e-4,4.5700000000000005e-4,102,3.064738085079533e-4,2.4316736174125197e-4,4.8633472348250394e-4
Pancreas,Male,All,50-54,7410465,951,1.28e-4,1.2e-4,1.37e-4,835,1.1267848913664663e-4,9.078287691798018e-5,9.078287691798018e-5
Pancreas,Male,All,60-64,4183965,1395,3.3299999999999996e-4,3.1600000000000004e-4,3.51e-4,1242,2.9684760747281585e-4,3.215817206883901e-4,3.215817206883901e-4
Pancreas,Male,All,70-74,2964507,1920,6.479999999999999e-4,6.19e-4,6.77e-4,1692,5.70752573699438e-4,4.538652342531153e-4,0.00068079785137967295
Pancreas,Male,Black,50-54,740813,135,1.82e-4,1.53e-4,2.1600000000000002e-4,112,1.5118525187867923e-4,1.011175613818872e-4,2.022351227637744e-4
Pancreas,Male,Black,60-64,390440,185,4.74e-4,4.08e-4,5.470000000000001e-4,156,3.9954922651367687e-4,3.837168527814773e-4,3.837168527814773e-4
Pancreas,Male,Black,70-74,228946,209,9.13e-4,7.93e-4,0.001045,146,6.377049609951692e-4,6.543831645890297e-4,6.543831645890297e-4
Pancreas,Female,All,50-54,7743791,595,7.7e-5,7.099999999999999e-5,8.300000000000001e-5,526,6.792538693257605e-5,8.904211528952679e-5,8.904211528952679e-5
Pancreas,Female,All,60-64,4593481,1071,2.33e-4,2.1899999999999998e-4,2.48e-4,942,2.050732331319102e-4,1.5010915055488417e-4,1.5010915055488417e-4
Pancreas,Female,All,70-74,3750637,1953,5.21e-4,4.98e-4,5.44e-4,1769,4.7165321517384916e-4,3.676834260420296e-4,5.515251390630445e-4
Pancreas,Female,Black,50-54,862821,92,1.07e-4,8.599999999999999e-5,1.3099999999999999e-4,79,9.156012660795228e-5,9.379752579040149e-5,9.379752579040149e-5
Pancreas,Female,Black,60-64,482882,167,3.46e-4,2.95e-4,4.02e-4,127,2.6300421220919396e-4,1.6759886473299894e-4,3.351977294659979e-4
Pancreas,Female,Black,70-74,332818,234,7.03e-4,6.16e-4,7.99e-4,189,5.678779392941488e-4,4.8633472348250394e-4,7.295020852237559e-4
Penis,Male,All,50-54,7410465,59,8e-6,6e-6,1e-5,36,4.857994741220693e-6,0,0
Penis,Male,All,60-64,4183965,107,2.6000000000000002e-5,2.1000000000000002e-5,3.1e-5,55,1.3145425451694744e-5,0,0
Penis,Male,All,70-74,2964507,123,4.0999999999999994e-5,3.4e-5,5e-5,86,2.900988258756009e-5,0,0
Penis,Male,Black,50-54,740813,5,7e-6,2e-6,1.6e-5,3,4.049604961036051e-6,0,0
Penis,Male,Black,60-64,390440,16,4.0999999999999994e-5,2.2999999999999997e-5,6.7e-5,9,2.305091691425059e-5,0,0
Penis,Male,Black,70-74,228946,10,4.4000000000000006e-5,2.1000000000000002e-5,8e-5,7,3.057489539017934e-5,0,0
Penis,Female,All,50-54,7743791,0,0,0,0,0,0,0,0
Penis,Female,All,60-64,4593481,0,0,0,1e-6,0,0,0,0
Penis,Female,All,70-74,3750637,0,0,0,1e-6,0,0,0,0
Penis,Female,Black,50-54,862821,0,0,0,4e-6,0,0,0,0
Penis,Female,Black,60-64,482882,0,0,0,8e-6,0,0,0,0
Penis,Female,Black,70-74,332818,0,0,0,1.1000000000000001e-5,0,0,0,0
"Peritoneum, Omentum and Mesentery",Male,All,50-54,7410465,6,1e-6,0,2e-6,4,5.397771934689659e-7,0,0
"Peritoneum, Omentum and Mesentery",Male,All,60-64,4183965,13,3e-6,2e-6,5e-6,10,2.39007735485359e-6,0,0
"Peritoneum, Omentum and Mesentery",Male,All,70-74,2964507,9,3e-6,1e-6,6e-6,8,2.698593729075357e-6,0,0
"Peritoneum, Omentum and Mesentery",Male,Black,50-54,740813,2,3e-6,0,1e-5,2,2.6997366406907004e-6,0,0
"Peritoneum, Omentum and Mesentery",Male,Black,60-64,390440,3,8e-6,2e-6,2.2000000000000003e-5,1,2.561212990472288e-6,0,0
"Peritoneum, Omentum and Mesentery",Male,Black,70-74,228946,0,0,0,1.6e-5,0,0,0,0
"Peritoneum, Omentum and Mesentery",Female,All,50-54,7743791,79,1e-5,8e-6,1.3000000000000001e-5,61,7.877278712713191e-6,0,0
"Peritoneum, Omentum and Mesentery",Female,All,60-64,4593481,154,3.4e-5,2.8e-5,3.9e-5,132,2.8736376617210346e-5,0,0
"Peritoneum, Omentum and Mesentery",Female,All,70-74,3750637,216,5.8e-5,5e-5,6.599999999999999e-5,189,5.03914401740291e-5,0,0
"Peritoneum, Omentum and Mesentery",Female,Black,50-54,862821,5,6e-6,2e-6,1.4e-5,2,2.3179778888089185e-6,0,0
"Peritoneum, Omentum and Mesentery",Female,Black,60-64,482882,7,1.4e-5,6e-6,3e-5,5,1.0354496543669054e-5,0,0
"Peritoneum, Omentum and Mesentery",Female,Black,70-74,332818,8,2.4e-5,1e-5,4.7000000000000004e-5,7,2.1032516270153657e-5,0,0
Pleura,Male,All,50-54,7410465,4,1e-6,0,1e-6,3,4.048328951017244e-7,0,0
Pleura,Male,All,60-64,4183965,4,1e-6,0,2e-6,3,7.170232064560769e-7,0,0
Pleura,Male,All,70-74,2964507,6,2e-6,1e-6,4e-6,5,1.6866210806720983e-6,0,0
Pleura,Male,Black,50-54,740813,0,0,0,5e-6,0,0,0,0
Pleura,Male,Black,60-64,390440,0,0,0,9e-6,0,0,0,0
Pleura,Male,Black,70-74,228946,0,0,0,1.6e-5,0,0,0,0
Pleura,Female,All,50-54,7743791,2,0,0,1e-6,2,2.582714332037112e-7,0,0
Pleura,Female,All,60-64,4593481,5,1e-6,0,3e-6,3,6.530994685729624e-7,0,0
Pleura,Female,All,70-74,3750637,4,1e-6,0,3e-6,4,1.0664855063286583e-6,0,0
Pleura,Female,Black,50-54,862821,0,0,0,4e-6,0,0,0,0
Pleura,Female,Black,60-64,482882,0,0,0,8e-6,0,0,0,0
Pleura,Female,Black,70-74,332818,0,0,0,1.1000000000000001e-5,0,0,0,0
Prostate,Male,All,50-54,7410465,10616,0.001433,0.001405,0.00146,1936,2.6125216163897945e-4,2.7234863075394056e-4,2.7234863075394056e-4
Prostate,Male,All,60-64,4183965,25621,0.006124,0.006049,0.006199,8052,0.0019244902861281106,0.0019294903241303405,0.0019294903241303405
Prostate,Male,All,70-74,2964507,31968,0.010784,0.010665999999999998,0.010902,18743,0.006322467783007427,0.006127180662417057,0.006354113279543614
Prostate,Male,Black,50-54,740813,2033,0.002744,0.0026260000000000003,0.002866,519,7.005816582592368e-4,6.067053682913231e-4,8.089404910550976e-4
Prostate,Male,Black,60-64,390440,3990,0.010218999999999999,0.009905,0.010540999999999998,1586,0.004062083802889048,0.003837168527814774,0.004220885380596251
Prostate,Male,Black,70-74,228946,3565,0.015571,0.015064000000000001,0.016090999999999998,2191,0.009569942257126134,0.009161364304246416,0.009815747468835446
Prostate,Female,All,50-54,7743791,0,0,0,0,0,0,0,0
Prostate,Female,All,60-64,4593481,0,0,0,1e-6,0,0,0,0
Prostate,Female,All,70-74,3750637,0,0,0,1e-6,0,0,0,0
Prostate,Female,Black,50-54,862821,0,0,0,4e-6,0,0,0,0
Prostate,Female,Black,60-64,482882,0,0,0,8e-6,0,0,0,0
Prostate,Female,Black,70-74,332818,0,0,0,1.1000000000000001e-5,0,0,0,0
Retroperitoneum,Male,All,50-54,7410465,36,5e-6,3e-6,7e-6,26,3.508551757548278e-6,0,0
Retroperitoneum,Male,All,60-64,4183965,36,9e-6,6e-6,1.2e-5,26,6.214201122619334e-6,0,0
Retroperitoneum,Male,All,70-74,2964507,49,1.7e-5,1.2e-5,2.2000000000000003e-5,47,1.5854238158317724e-5,0,0
Retroperitoneum,Male,Black,50-54,740813,2,3e-6,0,1e-5,1,1.3498683203453502e-6,0,0
Retroperitoneum,Male,Black,60-64,390440,3,8e-6,2e-6,2.2000000000000003e-5,2,5.122425980944576e-6,0,0
Retroperitoneum,Male,Black,70-74,228946,1,4e-6,0,2.4e-5,1,4.367842198597049e-6,0,0
Retroperitoneum,Female,All,50-54,7743791,46,6e-6,4e-6,8e-6,26,3.3575286316482456e-6,0,0
Retroperitoneum,Female,All,60-64,4593481,43,9e-6,7e-6,1.3000000000000001e-5,32,6.966394331444933e-6,0,0
Retroperitoneum,Female,All,70-74,3750637,52,1.4e-5,1e-5,1.8e-5,44,1.173134056961524e-5,0,0
Retroperitoneum,Female,Black,50-54,862821,11,1.3000000000000001e-5,6e-6,2.2999999999999997e-5,7,8.112922610831215e-6,0,0
Retroperitoneum,Female,Black,60-64,482882,9,1.8999999999999998e-5,9e-6,3.5e-5,5,1.0354496543669054e-5,0,0
Retroperitoneum,Female,Black,70-74,332818,7,2.1000000000000002e-5,8e-6,4.2999999999999995e-5,6,1.8027871088703135e-5,0,0
Salivary Gland,Male,All,50-54,7410465,141,1.8999999999999998e-5,1.6e-5,2.2000000000000003e-5,60,8.096657902034489e-6,0,0
Salivary Gland,Male,All,60-64,4183965,153,3.7000000000000005e-5,3.1e-5,4.2999999999999995e-5,102,2.4378789019506618e-5,0,0
Salivary Gland,Male,All,70-74,2964507,186,6.3e-5,5.4000000000000005e-5,7.2e-5,136,4.587609339428107e-5,0,0
Salivary Gland,Male,Black,50-54,740813,15,2e-5,1.1000000000000001e-5,3.2999999999999996e-5,8,1.0798946562762802e-5,0,0
Salivary Gland,Male,Black,60-64,390440,14,3.6e-5,2e-5,6e-5,7,1.7928490933306013e-5,0,0
Salivary Gland,Male,Black,70-74,228946,5,2.2000000000000003e-5,7e-6,5.1e-5,4,1.7471368794388195e-5,0,0
Salivary Gland,Female,All,50-54,7743791,96,1.2e-5,1e-5,1.5e-5,30,3.874071498055668e-6,0,0
Salivary Gland,Female,All,60-64,4593481,94,2e-5,1.7e-5,2.5e-5,50,1.0884991142882707e-5,0,0
Salivary Gland,Female,All,70-74,3750637,114,3e-5,2.5e-5,3.7000000000000005e-5,69,1.8396874984169356e-5,0,0
Salivary Gland,Female,Black,50-54,862821,11,1.3000000000000001e-5,6e-6,2.2999999999999997e-5,6,6.953933666426756e-6,0,0
Salivary Gland,Female,Black,60-64,482882,7,1.4e-5,6e-6,3e-5,5,1.0354496543669054e-5,0,0
Salivary Gland,Female,Black,70-74,332818,9,2.7000000000000002e-5,1.2e-5,5.1e-5,7,2.1032516270153657e-5,0,0
Small Intestine,Male,All,50-54,7410465,208,2.8e-5,2.4e-5,3.2e-5,110,1.484387282039656e-5,0,0
Small Intestine,Male,All,60-64,4183965,262,6.3e-5,5.5e-5,7.099999999999999e-5,153,3.6568183529259925e-5,0,0
Small Intestine,Male,All,70-74,2964507,271,9.1e-5,8.099999999999999e-5,1.0300000000000001e-4,193,6.510357371394299e-5,0,0
Small Intestine,Male,Black,50-54,740813,44,5.9000000000000004e-5,4.2999999999999995e-5,8e-5,23,3.104697136794306e-5,0,0
Small Intestine,Male,Black,60-64,390440,32,8.199999999999999e-5,5.6e-5,1.16e-4,13,3.329576887613974e-5,0,0
Small Intestine,Male,Black,70-74,228946,37,1.6199999999999998e-4,1.14e-4,2.23e-4,24,1.0482821276632918e-4,0,0
Small Intestine,Female,All,50-54,7743791,143,1.8e-5,1.6e-5,2.2000000000000003e-5,61,7.877278712713191e-6,0,0
Small Intestine,Female,All,60-64,4593481,197,4.2999999999999995e-5,3.7000000000000005e-5,4.9000000000000005e-5,116,2.525317945148788e-5,0,0
Small Intestine,Female,All,70-74,3750637,227,6.1e-5,5.3e-5,6.900000000000001e-5,172,4.585887677213231e-5,0,0
Small Intestine,Female,Black,50-54,862821,27,3.1e-5,2.1000000000000002e-5,4.599999999999999e-5,15,1.738483416606689e-5,0,0
Small Intestine,Female,Black,60-64,482882,38,7.900000000000001e-5,5.6e-5,1.0800000000000001e-4,22,4.555978479214384e-5,0,0
Small Intestine,Female,Black,70-74,332818,32,9.6e-5,6.599999999999999e-5,1.36e-4,23,6.910683917336202e-5,0,0
Soft Tissue including Heart,Male,All,50-54,7410465,302,4.0999999999999994e-5,3.6e-5,4.599999999999999e-5,130,1.754275878774139e-5,0,0
Soft Tissue including Heart,Male,All,60-64,4183965,268,6.4e-5,5.7e-5,7.2e-5,151,3.6090168058289204e-5,0,0
Soft Tissue including Heart,Male,All,70-74,2964507,327,1.1e-4,9.900000000000001e-5,1.23e-4,237,7.994583922385746e-5,0,0
Soft Tissue including Heart,Male,Black,50-54,740813,23,3.1e-5,2e-5,4.7000000000000004e-5,14,1.8898156484834904e-5,0,0
Soft Tissue including Heart,Male,Black,60-64,390440,21,5.4000000000000005e-5,3.2999999999999996e-5,8.199999999999999e-5,13,3.329576887613974e-5,0,0
Soft Tissue including Heart,Male,Black,70-74,228946,26,1.14e-4,7.400000000000001e-5,1.6600000000000002e-4,19,8.298900177334394e-5,0,0
Soft Tissue including Heart,Female,All,50-54,7743791,268,3.5e-5,3.1e-5,3.9e-5,94,1.2138757360574426e-5,0,0
Soft Tissue including Heart,Female,All,60-64,4593481,226,4.9000000000000005e-5,4.2999999999999995e-5,5.6e-5,131,2.851867679435269e-5,0,0
Soft Tissue including Heart,Female,All,70-74,3750637,252,6.7e-5,5.9000000000000004e-5,7.599999999999999e-5,177,4.719198365504313e-5,0,0
Soft Tissue including Heart,Female,Black,50-54,862821,38,4.4000000000000006e-5,3.1e-5,6e-5,15,1.738483416606689e-5,0,0
Soft Tissue including Heart,Female,Black,60-64,482882,26,5.4000000000000005e-5,3.5e-5,7.900000000000001e-5,14,2.899259032227335e-5,0,0
Soft Tissue including Heart,Female,Black,70-74,332818,27,8.099999999999999e-5,5.3e-5,1.1800000000000001e-4,20,6.009290362901045e-5,0,0
Stomach,Male,All,50-54,7410465,733,9.900000000000001e-5,9.199999999999999e-5,1.06e-4,574,7.74580272627966e-5,9.078287691798018e-5,9.078287691798018e-5
Stomach,Male,All,60-64,4183965,1190,2.8399999999999996e-4,2.68e-4,3.01e-4,956,2.284913951240032e-4,1.6079086034419504e-4,3.215817206883901e-4
Stomach,Male,All,70-74,2964507,1651,5.57e-4,5.3e-4,5.84e-4,1436,4.8439757436902664e-4,4.538652342531153e-4,4.538652342531153e-4
Stomach,Male,Black,50-54,740813,148,2e-4,1.69e-4,2.35e-4,100,1.3498683203453502e-4,1.011175613818872e-4,2.022351227637744e-4
Stomach,Male,Black,60-64,390440,169,4.3299999999999995e-4,3.7e-4,5.03e-4,128,3.2783526278045284e-4,1.9185842639073865e-4,3.837168527814773e-4
Stomach,Male,Black,70-74,228946,195,8.52e-4,7.359999999999999e-4,9.8e-4,152,6.639120141867515e-4,6.543831645890297e-4,6.543831645890297e-4
Stomach,Female,All,50-54,7743791,390,5e-5,4.5e-5,5.6e-5,283,3.6545407798325134e-5,0,0
Stomach,Female,All,60-64,4593481,510,1.11e-4,1.02e-4,1.21e-4,383,8.337903215448154e-5,1.5010915055488417e-4,1.5010915055488417e-4
Stomach,Female,All,70-74,3750637,973,2.59e-4,2.43e-4,2.7600000000000004e-4,781,2.0823129511067054e-4,1.838417130210148e-4,1.838417130210148e-4
Stomach,Female,Black,50-54,862821,75,8.699999999999999e-5,6.8e-5,1.09e-4,51,5.910843616462742e-5,0,9.379752579040149e-5
Stomach,Female,Black,60-64,482882,94,1.95e-4,1.57e-4,2.38e-4,67,1.387502536851653e-4,1.6759886473299894e-4,1.6759886473299894e-4
Stomach,Female,Black,70-74,332818,140,4.21e-4,3.54e-4,4.96e-4,96,2.8844593741925016e-4,2.4316736174125197e-4,2.4316736174125197e-4
Testis,Male,All,50-54,7410465,330,4.5e-5,4e-5,5e-5,69,9.31115658733966e-6,0,0
Testis,Male,All,60-64,4183965,71,1.7e-5,1.3000000000000001e-5,2.1000000000000002e-5,34,8.126263006502205e-6,0,0
Testis,Male,All,70-74,2964507,26,9e-6,6e-6,1.3000000000000001e-5,17,5.734511674285134e-6,0,0
Testis,Male,Black,50-54,740813,10,1.3000000000000001e-5,6e-6,2.5e-5,2,2.6997366406907004e-6,0,0
Testis,Male,Black,60-64,390440,4,1e-5,3e-6,2.6000000000000002e-5,2,5.122425980944576e-6,0,0
Testis,Male,Black,70-74,228946,0,0,0,1.6e-5,0,0,0,0
Testis,Female,All,50-54,7743791,0,0,0,0,0,0,0,0
Testis,Female,All,60-64,4593481,0,0,0,1e-6,0,0,0,0
Testis,Female,All,70-74,3750637,0,0,0,1e-6,0,0,0,0
Testis,Female,Black,50-54,862821,0,0,0,4e-6,0,0,0,0
Testis,Female,Black,60-64,482882,0,0,0,8e-6,0,0,0,0
Testis,Female,Black,70-74,332818,0,0,0,1.1000000000000001e-5,0,0,0,0
Thyroid,Male,All,50-54,7410465,516,7e-5,6.4e-5,7.599999999999999e-5,103,1.389926273182587e-5,0,0
Thyroid,Male,All,60-64,4183965,386,9.199999999999999e-5,8.300000000000001e-5,1.02e-4,152,3.632917579377457e-5,0,0
Thyroid,Male,All,70-74,2964507,322,1.09e-4,9.7e-5,1.21e-4,214,7.218738225276581e-5,0,0
Thyroid,Male,Black,50-54,740813,32,4.2999999999999995e-5,3e-5,6.1e-5,6,8.099209922072103e-6,0,0
Thyroid,Male,Black,60-64,390440,21,5.4000000000000005e-5,3.2999999999999996e-5,8.199999999999999e-5,7,1.7928490933306013e-5,0,0
Thyroid,Male,Black,70-74,228946,24,1.05e-4,6.7e-5,1.56e-4,14,6.114979078035868e-5,0,0
Thyroid,Female,All,50-54,7743791,1524,1.97e-4,1.87e-4,2.07e-4,190,2.4535786154352566e-5,0,0
Thyroid,Female,All,60-64,4593481,810,1.7600000000000002e-4,1.6399999999999997e-4,1.8899999999999999e-4,202,4.397536421724614e-5,0,0
Thyroid,Female,All,70-74,3750637,622,1.6600000000000002e-4,1.53e-4,1.79e-4,331,8.825167564869648e-5,0,1.838417130210148e-4
Thyroid,Female,Black,50-54,862821,123,1.43e-4,1.1800000000000001e-4,1.7e-4,19,2.2020789943684727e-5,0,0
Thyroid,Female,Black,60-64,482882,64,1.33e-4,1.02e-4,1.69e-4,18,3.7276187557208595e-5,0,0
Thyroid,Female,Black,70-74,332818,46,1.3800000000000002e-4,1.01e-4,1.8399999999999997e-4,26,7.812077471771358e-5,0,0
Tongue,Male,All,50-54,7410465,661,8.900000000000001e-5,8.300000000000001e-5,9.6e-5,376,5.073905618608279e-5,9.078287691798018e-5,9.078287691798018e-5
Tongue,Male,All,60-64,4183965,585,1.4e-4,1.29e-4,1.5199999999999998e-4,406,9.703714060705574e-5,1.6079086034419504e-4,1.6079086034419504e-4
Tongue,Male,All,70-74,2964507,447,1.5099999999999998e-4,1.37e-4,1.65e-4,368,1.2413531153746644e-4,0,2.2693261712655765e-4
Tongue,Male,Black,50-54,740813,81,1.09e-4,8.699999999999999e-5,1.36e-4,61,8.234196754106637e-5,1.011175613818872e-4,1.011175613818872e-4
Tongue,Male,Black,60-64,390440,68,1.7399999999999997e-4,1.35e-4,2.21e-4,57,1.459891404569204e-4,1.9185842639073865e-4,1.9185842639073865e-4
Tongue,Male,Black,70-74,228946,35,1.53e-4,1.06e-4,2.13e-4,33,1.441387925537026e-4,0,3.2719158229451486e-4
Tongue,Female,All,50-54,7743791,208,2.7000000000000002e-5,2.2999999999999997e-5,3.1e-5,105,1.3559250243194839e-5,0,0
Tongue,Female,All,60-64,4593481,217,4.7000000000000004e-5,4.0999999999999994e-5,5.4000000000000005e-5,140,3.047797520007158e-5,0,0
Tongue,Female,All,70-74,3750637,239,6.4e-5,5.6e-5,7.2e-5,182,4.852509053795395e-5,0,0
Tongue,Female,Black,50-54,862821,20,2.2999999999999997e-5,1.4e-5,3.6e-5,14,1.622584522166243e-5,0,0
Tongue,Female,Black,60-64,482882,17,3.5e-5,2.1000000000000002e-5,5.6e-5,14,2.899259032227335e-5,0,0
Tongue,Female,Black,70-74,332818,10,3e-5,1.4e-5,5.5e-5,8,2.403716145160418e-5,0,0
Tonsil,Male,All,50-54,7410465,497,6.7e-5,6.1e-5,7.3e-5,241,3.252157590650519e-5,0,0
Tonsil,Male,All,60-64,4183965,334,8e-5,7.099999999999999e-5,8.900000000000001e-5,220,5.2581701806778975e-5,0,0
Tonsil,Male,All,70-74,2964507,176,5.9000000000000004e-5,5.1e-5,6.900000000000001e-5,145,4.891201133949085e-5,0,0
Tonsil,Male,Black,50-54,740813,60,8.099999999999999e-5,6.2e-5,1.0400000000000001e-4,41,5.534460113415936e-5,0,1.011175613818872e-4
Tonsil,Male,Black,60-64,390440,43,1.1e-4,8e-5,1.4800000000000002e-4,28,7.171396373322405e-5,0,1.9185842639073865e-4
Tonsil,Male,Black,70-74,228946,23,1e-4,6.4e-5,1.5099999999999998e-4,16,6.988547517755278e-5,0,0
Tonsil,Female,All,50-54,7743791,95,1.2e-5,1e-5,1.5e-5,46,5.940242963685358e-6,0,0
Tonsil,Female,All,60-64,4593481,102,2.2000000000000003e-5,1.8e-5,2.7000000000000002e-5,68,1.4803587954320481e-5,0,0
Tonsil,Female,All,70-74,3750637,88,2.2999999999999997e-5,1.8999999999999998e-5,2.9e-5,72,1.919673911391585e-5,0,0
Tonsil,Female,Black,50-54,862821,14,1.6e-5,9e-6,2.7000000000000002e-5,10,1.1589889444044594e-5,0,0
Tonsil,Female,Black,60-64,482882,5,1e-5,3e-6,2.4e-5,3,6.212697926201432e-6,0,0
Tonsil,Female,Black,70-74,332818,5,1.5e-5,5e-6,3.5e-5,4,1.201858072580209e-5,0,0
"Trachea, Mediastinum and Other Respiratory Organs",Male,All,50-54,7410465,21,3e-6,2e-6,4e-6,12,1.6193315804068976e-6,0,0
"Trachea, Mediastinum and Other Respiratory Organs",Male,All,60-64,4183965,14,3e-6,2e-6,6e-6,12,2.8680928258243077e-6,0,0
"Trachea, Mediastinum and Other Respiratory Organs",Male,All,70-74,2964507,23,8e-6,5e-6,1.2e-5,19,6.409160106553973e-6,0,0
"Trachea, Mediastinum and Other Respiratory Organs",Male,Black,50-54,740813,4,5e-6,1e-6,1.4e-5,3,4.049604961036051e-6,0,0
"Trachea, Mediastinum and Other Respiratory Organs",Male,Black,60-64,390440,1,3e-6,0,1.4e-5,1,2.561212990472288e-6,0,0
"Trachea, Mediastinum and Other Respiratory Organs",Male,Black,70-74,228946,0,0,0,1.6e-5,0,0,0,0
"Trachea, Mediastinum and Other Respiratory Organs",Female,All,50-54,7743791,4,1e-6,0,1e-6,4,5.165428664074224e-7,0,0
"Trachea, Mediastinum and Other Respiratory Organs",Female,All,60-64,4593481,14,3e-6,2e-6,5e-6,10,2.1769982285765414e-6,0,0
"Trachea, Mediastinum and Other Respiratory Organs",Female,All,70-74,3750637,7,2e-6,1e-6,4e-6,7,1.866349636075152e-6,0,0
"Trachea, Mediastinum and Other Respiratory Organs",Female,Black,50-54,862821,0,0,0,4e-6,0,0,0,0
"Trachea, Mediastinum and Other Respiratory Organs",Female,Black,60-64,482882,2,4e-6,1e-6,1.5e-5,1,2.070899308733811e-6,0,0
"Trachea, Mediastinum and Other Respiratory Organs",Female,Black,70-74,332818,1,3e-6,0,1.7e-5,1,3.0046451814505223e-6,0,0
Ureter,Male,All,50-54,7410465,29,4e-6,3e-6,6e-6,13,1.754275878774139e-6,0,0
Ureter,Male,All,60-64,4183965,65,1.6e-5,1.2e-5,2e-5,40,9.56030941941436e-6,0,0
Ureter,Male,All,70-74,2964507,122,4.0999999999999994e-5,3.4e-5,4.9000000000000005e-5,88,2.9684531019828928e-5,0,0
Ureter,Male,Black,50-54,740813,2,3e-6,0,1e-5,1,1.3498683203453502e-6,0,0
Ureter,Male,Black,60-64,390440,6,1.5e-5,6e-6,3.2999999999999996e-5,5,1.2806064952361439e-5,0,0
Ureter,Male,Black,70-74,228946,2,9e-6,1e-6,3.2e-5,1,4.367842198597049e-6,0,0
Ureter,Female,All,50-54,7743791,14,2e-6,1e-6,3e-6,4,5.165428664074224e-7,0,0
Ureter,Female,All,60-64,4593481,34,7e-6,5e-6,1e-5,12,2.6123978742918497e-6,0,0
Ureter,Female,All,70-74,3750637,82,2.2000000000000003e-5,1.7e-5,2.7000000000000002e-5,57,1.519741846518338e-5,0,0
Ureter,Female,Black,50-54,862821,0,0,0,4e-6,0,0,0,0
Ureter,Female,Black,60-64,482882,2,4e-6,1e-6,1.5e-5,1,2.070899308733811e-6,0,0
Ureter,Female,Black,70-74,332818,6,1.8e-5,7e-6,3.9e-5,2,6.009290362901045e-6,0,0
Urinary Bladder,Male,All,50-54,7410465,1806,2.44e-4,2.33e-4,2.55e-4,570,7.691825006932763e-5,9.078287691798018e-5,9.078287691798018e-5
Urinary Bladder,Male,All,60-64,4183965,3570,8.53e-4,8.25e-4,8.820000000000001e-4,1771,4.2328269954457074e-4,4.823725810325851e-4,4.823725810325851e-4
Urinary Bladder,Male,All,70-74,2964507,5887,0.001986,0.001935,0.0020369999999999997,4164,0.0014046180359837234,0.0013615957027593459,0.0013615957027593459
Urinary Bladder,Male,Black,50-54,740813,122,1.65e-4,1.37e-4,1.97e-4,46,6.209394273588612e-5,0,1.011175613818872e-4
Urinary Bladder,Male,Black,60-64,390440,177,4.5299999999999995e-4,3.8899999999999997e-4,5.25e-4,100,2.5612129904722876e-4,1.9185842639073865e-4,3.837168527814773e-4
Urinary Bladder,Male,Black,70-74,228946,223,9.74e-4,8.5e-4,0.001111,154,6.726476985839455e-4,6.543831645890297e-4,6.543831645890297e-4
Urinary Bladder,Female,All,50-54,7743791,567,7.3e-5,6.7e-5,8e-5,152,1.9628628923482052e-5,0,0
Urinary Bladder,Female,All,60-64,4593481,1007,2.1899999999999998e-4,2.0600000000000002e-4,2.33e-4,400,8.707992914306165e-5,1.5010915055488417e-4,1.5010915055488417e-4
Urinary Bladder,Female,All,70-74,3750637,1756,4.68e-4,4.47e-4,4.91e-4,1167,3.111471464713861e-4,3.676834260420296e-4,3.676834260420296e-4
Urinary Bladder,Female,Black,50-54,862821,36,4.2000000000000004e-5,2.9e-5,5.8e-5,19,2.2020789943684727e-5,0,0
Urinary Bladder,Female,Black,60-64,482882,77,1.5900000000000002e-4,1.26e-4,1.9899999999999999e-4,42,8.697777096682005e-5,0,1.6759886473299894e-4
Urinary Bladder,Female,Black,70-74,332818,134,4.03e-4,3.37e-4,4.7700000000000005e-4,96,2.8844593741925016e-4,2.4316736174125197e-4,2.4316736174125197e-4
"Uterus, NOS",Male,All,50-54,7410465,0,0,0,0,0,0,0,0
"Uterus, NOS",Male,All,60-64,4183965,0,0,0,1e-6,0,0,0,0
"Uterus, NOS",Male,All,70-74,2964507,0,0,0,1e-6,0,0,0,0
"Uterus, NOS",Male,Black,50-54,740813,0,0,0,5e-6,0,0,0,0
"Uterus, NOS",Male,Black,60-64,390440,0,0,0,9e-6,0,0,0,0
"Uterus, NOS",Male,Black,70-74,228946,0,0,0,1.6e-5,0,0,0,0
"Uterus, NOS",Female,All,50-54,7743791,67,9e-6,7e-6,1.1000000000000001e-5,45,5.811107247083502e-6,0,0
"Uterus, NOS",Female,All,60-64,4593481,67,1.5e-5,1.1000000000000001e-5,1.8999999999999998e-5,55,1.1973490257170977e-5,0,0
"Uterus, NOS",Female,All,70-74,3750637,69,1.8e-5,1.4e-5,2.2999999999999997e-5,54,1.4397554335436887e-5,0,0
"Uterus, NOS",Female,Black,50-54,862821,15,1.7e-5,1e-5,2.9e-5,11,1.2748878388449053e-5,0,0
"Uterus, NOS",Female,Black,60-64,482882,14,2.9e-5,1.6e-5,4.9000000000000005e-5,13,2.692169101353954e-5,0,0
"Uterus, NOS",Female,Black,70-74,332818,14,4.2000000000000004e-5,2.2999999999999997e-5,7.099999999999999e-5,11,3.305109699595575e-5,0,0
Vagina,Male,All,50-54,7410465,0,0,0,0,0,0,0,0
Vagina,Male,All,60-64,4183965,0,0,0,1e-6,0,0,0,0
Vagina,Male,All,70-74,2964507,0,0,0,1e-6,0,0,0,0
Vagina,Male,Black,50-54,740813,0,0,0,5e-6,0,0,0,0
Vagina,Male,Black,60-64,390440,0,0,0,9e-6,0,0,0,0
Vagina,Male,Black,70-74,228946,0,0,0,1.6e-5,0,0,0,0
Vagina,Female,All,50-54,7743791,88,1.1000000000000001e-5,9e-6,1.4e-5,46,5.940242963685358e-6,0,0
Vagina,Female,All,60-64,4593481,95,2.1000000000000002e-5,1.7e-5,2.5e-5,70,1.523898760003579e-5,0,0
Vagina,Female,All,70-74,3750637,94,2.5e-5,2e-5,3.1e-5,72,1.919673911391585e-5,0,0
Vagina,Female,Black,50-54,862821,14,1.6e-5,9e-6,2.7000000000000002e-5,5,5.794944722022297e-6,0,0
Vagina,Female,Black,60-64,482882,16,3.2999999999999996e-5,1.8999999999999998e-5,5.4000000000000005e-5,12,2.485079170480573e-5,0,0
Vagina,Female,Black,70-74,332818,15,4.5e-5,2.5e-5,7.400000000000001e-5,12,3.605574217740627e-5,0,0
Vulva,Male,All,50-54,7410465,0,0,0,0,0,0,0,0
Vulva,Male,All,60-64,4183965,0,0,0,1e-6,0,0,0,0
Vulva,Male,All,70-74,2964507,0,0,0,1e-6,0,0,0,0
Vulva,Male,Black,50-54,740813,0,0,0,5e-6,0,0,0,0
Vulva,Male,Black,60-64,390440,0,0,0,9e-6,0,0,0,0
Vulva,Male,Black,70-74,228946,0,0,0,1.6e-5,0,0,0,0
Vulva,Female,All,50-54,7743791,220,2.8e-5,2.5e-5,3.2e-5,78,1.0072585894944737e-5,0,0
Vulva,Female,All,60-64,4593481,216,4.7000000000000004e-5,4.0999999999999994e-5,5.4000000000000005e-5,112,2.4382380160057264e-5,0,0
Vulva,Female,All,70-74,3750637,285,7.599999999999999e-5,6.7e-5,8.5e-5,195,5.199116843352209e-5,0,0
Vulva,Female,Black,50-54,862821,33,3.7999999999999995e-5,2.6000000000000002e-5,5.4000000000000005e-5,16,1.8543823110471348e-5,0,0
Vulva,Female,Black,60-64,482882,18,3.7000000000000005e-5,2.2000000000000003e-5,5.9000000000000004e-5,9,1.8638093778604297e-5,0,0
Vulva,Female,Black,70-74,332818,17,5.1e-5,3e-5,8.199999999999999e-5,13,3.906038735885679e-5,0,0
